No,Model,Predictors,Index,Obs,Yearly,S1,S2
1,high_res,cld ,high_res.cld ,X48459_MAX ,0,0,0
2,high_res,cld ,high_res.cld ,X48459_MIN ,0,0,0
3,high_res,cld ,high_res.cld ,X48461_MAX ,0,0,0
4,high_res,cld ,high_res.cld ,X48461_MIN ,0,0,0
5,high_res,cld ,high_res.cld ,X48477_MAX ,0,0,0
6,high_res,cld ,high_res.cld ,X48477_MIN ,0,0,0
7,high_res,cld ,high_res.cld ,X48478_MAX ,0,0,0
8,high_res,cld ,high_res.cld ,X48478_MIN ,0,0,0
9,high_res,cld ,high_res.cld ,X48459_HMD ,0,0,0
10,high_res,cld ,high_res.cld ,X48461_HMD ,0,0,0
11,high_res,cld ,high_res.cld ,X48477_HMD ,0,0,0
12,high_res,cld ,high_res.cld ,X48478_HMD ,0,0,0
13,high_res,cld ,high_res.cld ,X48478_SLR ,0,0,0
14,high_res,cld ,high_res.cld ,X48461_SLR ,0,0,0
15,high_res,cld ,high_res.cld ,X478002 ,0,0,0
16,high_res,cld ,high_res.cld ,X478201 ,0,0,0
17,high_res,cld ,high_res.cld ,X459201 ,0,0,0
18,high_res,cld ,high_res.cld ,X459203 ,0,0,0
19,high_res,cld ,high_res.cld ,X459204 ,0,0,0
20,high_res,cld ,high_res.cld ,X48012 ,0,0,0
21,high_res,cld ,high_res.cld ,X48032 ,0,0,0
22,high_res,cld ,high_res.cld ,X48053 ,0,0,0
23,high_res,cld ,high_res.cld ,X48092 ,0,0,0
24,high_res,cld ,high_res.cld ,X48172 ,0,0,0
25,high_res,cld ,high_res.cld ,X48062 ,0,0,0
26,high_res,cld ,high_res.cld ,X48182 ,0,0,0
27,high_res,cld ,high_res.cld ,X48121 ,0,0,0
28,high_res,cld ,high_res.cld ,X9042 ,0,0,0
29,high_res,cld ,high_res.cld ,X9052 ,0,0,0
30,high_res,cld ,high_res.cld ,X9062 ,0,0,0
31,high_res,cld ,high_res.cld ,X9102 ,0,0,0
32,high_res,cld ,high_res.cld ,X9160 ,0,0,0
33,high_res,cld ,high_res.cld ,X48160 ,0,0,0
34,high_res,cld ,high_res.cld ,X48201 ,0,0,0
35,high_res,cld ,high_res.cld ,X48131 ,0,0,0
36,high_res,cld ,high_res.cld ,X48100 ,0,0,0
37,high_res,cld ,high_res.cld ,X48150 ,0,0,0
38,high_res,cld ,high_res.cld ,X48193 ,0,0,0
39,high_res,cld ,high_res.cld ,X48241 ,0,0,0
40,high_res,cld ,high_res.cld ,X478002_Wet ,0,0,0
41,high_res,cld ,high_res.cld ,X478201_Wet ,0,0,0
42,high_res,cld ,high_res.cld ,X459201_Wet ,0,0,0
43,high_res,cld ,high_res.cld ,X459203_Wet ,0,0,0
44,high_res,cld ,high_res.cld ,X459204_Wet ,0,0,0
45,high_res,cld ,high_res.cld ,X48012_Wet ,0,0,0
46,high_res,cld ,high_res.cld ,X48032_Wet ,0,0,0
47,high_res,cld ,high_res.cld ,X48053_Wet ,0,0,0
48,high_res,cld ,high_res.cld ,X48092_Wet ,0,0,0
49,high_res,cld ,high_res.cld ,X48172_Wet ,0,0,0
50,high_res,cld ,high_res.cld ,X48062_Wet ,0,0,0
51,high_res,cld ,high_res.cld ,X48182_Wet ,0,0,0
52,high_res,cld ,high_res.cld ,X48121_Wet ,0,0,0
53,high_res,cld ,high_res.cld ,X9042_Wet ,0,0,0
54,high_res,cld ,high_res.cld ,X9052_Wet ,0,0,0
55,high_res,cld ,high_res.cld ,X9062_Wet ,0,0,0
56,high_res,cld ,high_res.cld ,X9102_Wet ,0,0,0
57,high_res,cld ,high_res.cld ,X9160_Wet ,0,0,0
58,high_res,cld ,high_res.cld ,X48160_Wet ,0,0,0
59,high_res,cld ,high_res.cld ,X48201_Wet ,0,0,0
60,high_res,cld ,high_res.cld ,X48131_Wet ,0,0,0
61,high_res,cld ,high_res.cld ,X48100_Wet ,0,0,0
62,high_res,cld ,high_res.cld ,X48150_Wet ,0,0,0
63,high_res,cld ,high_res.cld ,X48193_Wet ,0,0,0
64,high_res,cld ,high_res.cld ,X48241_Wet ,0,0,0
65,high_res,cld ,high_res.cld ,X478002_WetRate ,0,0,0
66,high_res,cld ,high_res.cld ,X478201_WetRate ,0,0,0
67,high_res,cld ,high_res.cld ,X459201_WetRate ,0,0,0
68,high_res,cld ,high_res.cld ,X459203_WetRate ,0,0,0
69,high_res,cld ,high_res.cld ,X459204_WetRate ,0,0,0
70,high_res,cld ,high_res.cld ,X48012_WetRate ,0,0,0
71,high_res,cld ,high_res.cld ,X48032_WetRate ,0,0,0
72,high_res,cld ,high_res.cld ,X48053_WetRate ,0,0,0
73,high_res,cld ,high_res.cld ,X48092_WetRate ,0,0,0
74,high_res,cld ,high_res.cld ,X48172_WetRate ,0,0,0
75,high_res,cld ,high_res.cld ,X48062_WetRate ,0,0,0
76,high_res,cld ,high_res.cld ,X48182_WetRate ,0,0,0
77,high_res,cld ,high_res.cld ,X48121_WetRate ,0,0,0
78,high_res,cld ,high_res.cld ,X9042_WetRate ,0,0,0
79,high_res,cld ,high_res.cld ,X9052_WetRate ,0,0,0
80,high_res,cld ,high_res.cld ,X9062_WetRate ,0,0,0
81,high_res,cld ,high_res.cld ,X9102_WetRate ,0,0,0
82,high_res,cld ,high_res.cld ,X9160_WetRate ,0,0,0
83,high_res,cld ,high_res.cld ,X48160_WetRate ,0,0,0
84,high_res,cld ,high_res.cld ,X48201_WetRate ,0,0,0
85,high_res,cld ,high_res.cld ,X48131_WetRate ,0,0,0
86,high_res,cld ,high_res.cld ,X48100_WetRate ,0,0,0
87,high_res,cld ,high_res.cld ,X48150_WetRate ,0,0,0
88,high_res,cld ,high_res.cld ,X48193_WetRate ,0,0,0
89,high_res,cld ,high_res.cld ,X48241_WetRate ,0,0,0
90,high_res,dtr ,high_res.dtr ,X48459_MAX ,0,0,0
91,high_res,dtr ,high_res.dtr ,X48459_MIN ,0,0,0
92,high_res,dtr ,high_res.dtr ,X48461_MAX ,0,0,0
93,high_res,dtr ,high_res.dtr ,X48461_MIN ,0,0,0
94,high_res,dtr ,high_res.dtr ,X48477_MAX ,0,0,0
95,high_res,dtr ,high_res.dtr ,X48477_MIN ,0,0,0
96,high_res,dtr ,high_res.dtr ,X48478_MAX ,0,0,0
97,high_res,dtr ,high_res.dtr ,X48478_MIN ,0,0,0
98,high_res,dtr ,high_res.dtr ,X48459_HMD ,0,0,0
99,high_res,dtr ,high_res.dtr ,X48461_HMD ,0,0,0
100,high_res,dtr ,high_res.dtr ,X48477_HMD ,0,0,0
101,high_res,dtr ,high_res.dtr ,X48478_HMD ,0,0,0
102,high_res,dtr ,high_res.dtr ,X48478_SLR ,0,0,0
103,high_res,dtr ,high_res.dtr ,X48461_SLR ,0,0,0
104,high_res,dtr ,high_res.dtr ,X478002 ,0,0,0
105,high_res,dtr ,high_res.dtr ,X478201 ,0,0,0
106,high_res,dtr ,high_res.dtr ,X459201 ,0,0,0
107,high_res,dtr ,high_res.dtr ,X459203 ,0,0,0
108,high_res,dtr ,high_res.dtr ,X459204 ,0,0,0
109,high_res,dtr ,high_res.dtr ,X48012 ,0,0,0
110,high_res,dtr ,high_res.dtr ,X48032 ,0,0,0
111,high_res,dtr ,high_res.dtr ,X48053 ,0,0,0
112,high_res,dtr ,high_res.dtr ,X48092 ,0,0,0
113,high_res,dtr ,high_res.dtr ,X48172 ,0,0,0
114,high_res,dtr ,high_res.dtr ,X48062 ,0,0,0
115,high_res,dtr ,high_res.dtr ,X48182 ,0,0,0
116,high_res,dtr ,high_res.dtr ,X48121 ,0,0,0
117,high_res,dtr ,high_res.dtr ,X9042 ,0,0,0
118,high_res,dtr ,high_res.dtr ,X9052 ,0,0,0
119,high_res,dtr ,high_res.dtr ,X9062 ,0,0,0
120,high_res,dtr ,high_res.dtr ,X9102 ,0,0,0
121,high_res,dtr ,high_res.dtr ,X9160 ,0,0,0
122,high_res,dtr ,high_res.dtr ,X48160 ,0,0,0
123,high_res,dtr ,high_res.dtr ,X48201 ,0,0,0
124,high_res,dtr ,high_res.dtr ,X48131 ,0,0,0
125,high_res,dtr ,high_res.dtr ,X48100 ,0,0,0
126,high_res,dtr ,high_res.dtr ,X48150 ,0,0,0
127,high_res,dtr ,high_res.dtr ,X48193 ,0,0,0
128,high_res,dtr ,high_res.dtr ,X48241 ,0,0,0
129,high_res,dtr ,high_res.dtr ,X478002_Wet ,0,0,0
130,high_res,dtr ,high_res.dtr ,X478201_Wet ,0,0,0
131,high_res,dtr ,high_res.dtr ,X459201_Wet ,0,0,0
132,high_res,dtr ,high_res.dtr ,X459203_Wet ,0,0,0
133,high_res,dtr ,high_res.dtr ,X459204_Wet ,0,0,0
134,high_res,dtr ,high_res.dtr ,X48012_Wet ,0,0,0
135,high_res,dtr ,high_res.dtr ,X48032_Wet ,0,0,0
136,high_res,dtr ,high_res.dtr ,X48053_Wet ,0,0,0
137,high_res,dtr ,high_res.dtr ,X48092_Wet ,0,0,0
138,high_res,dtr ,high_res.dtr ,X48172_Wet ,0,0,0
139,high_res,dtr ,high_res.dtr ,X48062_Wet ,0,0,0
140,high_res,dtr ,high_res.dtr ,X48182_Wet ,0,0,0
141,high_res,dtr ,high_res.dtr ,X48121_Wet ,0,0,0
142,high_res,dtr ,high_res.dtr ,X9042_Wet ,0,0,0
143,high_res,dtr ,high_res.dtr ,X9052_Wet ,0,0,0
144,high_res,dtr ,high_res.dtr ,X9062_Wet ,0,0,0
145,high_res,dtr ,high_res.dtr ,X9102_Wet ,0,0,0
146,high_res,dtr ,high_res.dtr ,X9160_Wet ,0,0,0
147,high_res,dtr ,high_res.dtr ,X48160_Wet ,0,0,0
148,high_res,dtr ,high_res.dtr ,X48201_Wet ,0,0,0
149,high_res,dtr ,high_res.dtr ,X48131_Wet ,0,0,0
150,high_res,dtr ,high_res.dtr ,X48100_Wet ,0,0,0
151,high_res,dtr ,high_res.dtr ,X48150_Wet ,0,0,0
152,high_res,dtr ,high_res.dtr ,X48193_Wet ,0,0,0
153,high_res,dtr ,high_res.dtr ,X48241_Wet ,0,0,0
154,high_res,dtr ,high_res.dtr ,X478002_WetRate ,0,0,0
155,high_res,dtr ,high_res.dtr ,X478201_WetRate ,0,0,0
156,high_res,dtr ,high_res.dtr ,X459201_WetRate ,0,0,0
157,high_res,dtr ,high_res.dtr ,X459203_WetRate ,0,0,0
158,high_res,dtr ,high_res.dtr ,X459204_WetRate ,0,0,0
159,high_res,dtr ,high_res.dtr ,X48012_WetRate ,0,0,0
160,high_res,dtr ,high_res.dtr ,X48032_WetRate ,0,0,0
161,high_res,dtr ,high_res.dtr ,X48053_WetRate ,0,0,0
162,high_res,dtr ,high_res.dtr ,X48092_WetRate ,0,0,0
163,high_res,dtr ,high_res.dtr ,X48172_WetRate ,0,0,0
164,high_res,dtr ,high_res.dtr ,X48062_WetRate ,0,0,0
165,high_res,dtr ,high_res.dtr ,X48182_WetRate ,0,0,0
166,high_res,dtr ,high_res.dtr ,X48121_WetRate ,0,0,0
167,high_res,dtr ,high_res.dtr ,X9042_WetRate ,0,0,0
168,high_res,dtr ,high_res.dtr ,X9052_WetRate ,0,0,0
169,high_res,dtr ,high_res.dtr ,X9062_WetRate ,0,0,0
170,high_res,dtr ,high_res.dtr ,X9102_WetRate ,0,0,0
171,high_res,dtr ,high_res.dtr ,X9160_WetRate ,0,0,0
172,high_res,dtr ,high_res.dtr ,X48160_WetRate ,0,0,0
173,high_res,dtr ,high_res.dtr ,X48201_WetRate ,0,0,0
174,high_res,dtr ,high_res.dtr ,X48131_WetRate ,0,0,0
175,high_res,dtr ,high_res.dtr ,X48100_WetRate ,0,0,0
176,high_res,dtr ,high_res.dtr ,X48150_WetRate ,0,0,0
177,high_res,dtr ,high_res.dtr ,X48193_WetRate ,0,0,0
178,high_res,dtr ,high_res.dtr ,X48241_WetRate ,0,0,0
179,high_res,pre ,high_res.pre ,X48459_MAX ,0,0,0
180,high_res,pre ,high_res.pre ,X48459_MIN ,0,0,0
181,high_res,pre ,high_res.pre ,X48461_MAX ,0,0,0
182,high_res,pre ,high_res.pre ,X48461_MIN ,0,0,0
183,high_res,pre ,high_res.pre ,X48477_MAX ,0,0,0
184,high_res,pre ,high_res.pre ,X48477_MIN ,0,0,0
185,high_res,pre ,high_res.pre ,X48478_MAX ,0,0,0
186,high_res,pre ,high_res.pre ,X48478_MIN ,0,0,0
187,high_res,pre ,high_res.pre ,X48459_HMD ,0,0,0
188,high_res,pre ,high_res.pre ,X48461_HMD ,0,0,0
189,high_res,pre ,high_res.pre ,X48477_HMD ,0,0,0
190,high_res,pre ,high_res.pre ,X48478_HMD ,0,0,0
191,high_res,pre ,high_res.pre ,X48478_SLR ,0,0,0
192,high_res,pre ,high_res.pre ,X48461_SLR ,0,0,0
193,high_res,pre ,high_res.pre ,X478002 ,0,0,0
194,high_res,pre ,high_res.pre ,X478201 ,0,0,0
195,high_res,pre ,high_res.pre ,X459201 ,0,0,0
196,high_res,pre ,high_res.pre ,X459203 ,0,0,0
197,high_res,pre ,high_res.pre ,X459204 ,0,0,0
198,high_res,pre ,high_res.pre ,X48012 ,0,0,0
199,high_res,pre ,high_res.pre ,X48032 ,0,0,0
200,high_res,pre ,high_res.pre ,X48053 ,0,0,0
201,high_res,pre ,high_res.pre ,X48092 ,0,0,0
202,high_res,pre ,high_res.pre ,X48172 ,0,0,0
203,high_res,pre ,high_res.pre ,X48062 ,0,0,0
204,high_res,pre ,high_res.pre ,X48182 ,0,0,0
205,high_res,pre ,high_res.pre ,X48121 ,0,0,0
206,high_res,pre ,high_res.pre ,X9042 ,0,0,0
207,high_res,pre ,high_res.pre ,X9052 ,0,0,0
208,high_res,pre ,high_res.pre ,X9062 ,0,0,0
209,high_res,pre ,high_res.pre ,X9102 ,0,0,0
210,high_res,pre ,high_res.pre ,X9160 ,0,0,0
211,high_res,pre ,high_res.pre ,X48160 ,0,0,0
212,high_res,pre ,high_res.pre ,X48201 ,0,0,0
213,high_res,pre ,high_res.pre ,X48131 ,0,0,0
214,high_res,pre ,high_res.pre ,X48100 ,0,0,0
215,high_res,pre ,high_res.pre ,X48150 ,0,0,0
216,high_res,pre ,high_res.pre ,X48193 ,0,0,0
217,high_res,pre ,high_res.pre ,X48241 ,0,0,0
218,high_res,pre ,high_res.pre ,X478002_Wet ,0,0,0
219,high_res,pre ,high_res.pre ,X478201_Wet ,0,0,0
220,high_res,pre ,high_res.pre ,X459201_Wet ,0,0,0
221,high_res,pre ,high_res.pre ,X459203_Wet ,0,0,0
222,high_res,pre ,high_res.pre ,X459204_Wet ,0,0,0
223,high_res,pre ,high_res.pre ,X48012_Wet ,0,0,0
224,high_res,pre ,high_res.pre ,X48032_Wet ,0,0,0
225,high_res,pre ,high_res.pre ,X48053_Wet ,0,0,0
226,high_res,pre ,high_res.pre ,X48092_Wet ,0,0,0
227,high_res,pre ,high_res.pre ,X48172_Wet ,0,0,0
228,high_res,pre ,high_res.pre ,X48062_Wet ,0,0,0
229,high_res,pre ,high_res.pre ,X48182_Wet ,0,0,0
230,high_res,pre ,high_res.pre ,X48121_Wet ,0,0,0
231,high_res,pre ,high_res.pre ,X9042_Wet ,0,0,0
232,high_res,pre ,high_res.pre ,X9052_Wet ,0,0,0
233,high_res,pre ,high_res.pre ,X9062_Wet ,0,0,0
234,high_res,pre ,high_res.pre ,X9102_Wet ,0,0,0
235,high_res,pre ,high_res.pre ,X9160_Wet ,0,0,0
236,high_res,pre ,high_res.pre ,X48160_Wet ,0,0,0
237,high_res,pre ,high_res.pre ,X48201_Wet ,0,0,0
238,high_res,pre ,high_res.pre ,X48131_Wet ,0,0,0
239,high_res,pre ,high_res.pre ,X48100_Wet ,0,0,0
240,high_res,pre ,high_res.pre ,X48150_Wet ,0,0,0
241,high_res,pre ,high_res.pre ,X48193_Wet ,0,0,0
242,high_res,pre ,high_res.pre ,X48241_Wet ,0,0,0
243,high_res,pre ,high_res.pre ,X478002_WetRate ,0,0,0
244,high_res,pre ,high_res.pre ,X478201_WetRate ,0,0,0
245,high_res,pre ,high_res.pre ,X459201_WetRate ,0,0,0
246,high_res,pre ,high_res.pre ,X459203_WetRate ,0,0,0
247,high_res,pre ,high_res.pre ,X459204_WetRate ,0,0,0
248,high_res,pre ,high_res.pre ,X48012_WetRate ,0,0,0
249,high_res,pre ,high_res.pre ,X48032_WetRate ,0,0,0
250,high_res,pre ,high_res.pre ,X48053_WetRate ,0,0,0
251,high_res,pre ,high_res.pre ,X48092_WetRate ,0,0,0
252,high_res,pre ,high_res.pre ,X48172_WetRate ,0,0,0
253,high_res,pre ,high_res.pre ,X48062_WetRate ,0,0,0
254,high_res,pre ,high_res.pre ,X48182_WetRate ,0,0,0
255,high_res,pre ,high_res.pre ,X48121_WetRate ,0,0,0
256,high_res,pre ,high_res.pre ,X9042_WetRate ,0,0,0
257,high_res,pre ,high_res.pre ,X9052_WetRate ,0,0,0
258,high_res,pre ,high_res.pre ,X9062_WetRate ,0,0,0
259,high_res,pre ,high_res.pre ,X9102_WetRate ,0,0,0
260,high_res,pre ,high_res.pre ,X9160_WetRate ,0,0,0
261,high_res,pre ,high_res.pre ,X48160_WetRate ,0,0,0
262,high_res,pre ,high_res.pre ,X48201_WetRate ,0,0,0
263,high_res,pre ,high_res.pre ,X48131_WetRate ,0,0,0
264,high_res,pre ,high_res.pre ,X48100_WetRate ,0,0,0
265,high_res,pre ,high_res.pre ,X48150_WetRate ,0,0,0
266,high_res,pre ,high_res.pre ,X48193_WetRate ,0,0,0
267,high_res,pre ,high_res.pre ,X48241_WetRate ,0,0,0
268,high_res,tmp ,high_res.tmp ,X48459_MAX ,0,0,0
269,high_res,tmp ,high_res.tmp ,X48459_MIN ,0,0,0
270,high_res,tmp ,high_res.tmp ,X48461_MAX ,0,0,0
271,high_res,tmp ,high_res.tmp ,X48461_MIN ,0,0,0
272,high_res,tmp ,high_res.tmp ,X48477_MAX ,0,0,0
273,high_res,tmp ,high_res.tmp ,X48477_MIN ,0,0,0
274,high_res,tmp ,high_res.tmp ,X48478_MAX ,0,0,0
275,high_res,tmp ,high_res.tmp ,X48478_MIN ,0,0,0
276,high_res,tmp ,high_res.tmp ,X48459_HMD ,0,0,0
277,high_res,tmp ,high_res.tmp ,X48461_HMD ,0,0,0
278,high_res,tmp ,high_res.tmp ,X48477_HMD ,0,0,0
279,high_res,tmp ,high_res.tmp ,X48478_HMD ,0,0,0
280,high_res,tmp ,high_res.tmp ,X48478_SLR ,0,0,0
281,high_res,tmp ,high_res.tmp ,X48461_SLR ,0,0,0
282,high_res,tmp ,high_res.tmp ,X478002 ,0,0,0
283,high_res,tmp ,high_res.tmp ,X478201 ,0,0,0
284,high_res,tmp ,high_res.tmp ,X459201 ,0,0,0
285,high_res,tmp ,high_res.tmp ,X459203 ,0,0,0
286,high_res,tmp ,high_res.tmp ,X459204 ,0,0,0
287,high_res,tmp ,high_res.tmp ,X48012 ,0,0,0
288,high_res,tmp ,high_res.tmp ,X48032 ,0,0,0
289,high_res,tmp ,high_res.tmp ,X48053 ,0,0,0
290,high_res,tmp ,high_res.tmp ,X48092 ,0,0,0
291,high_res,tmp ,high_res.tmp ,X48172 ,0,0,0
292,high_res,tmp ,high_res.tmp ,X48062 ,0,0,0
293,high_res,tmp ,high_res.tmp ,X48182 ,0,0,0
294,high_res,tmp ,high_res.tmp ,X48121 ,0,0,0
295,high_res,tmp ,high_res.tmp ,X9042 ,0,0,0
296,high_res,tmp ,high_res.tmp ,X9052 ,0,0,0
297,high_res,tmp ,high_res.tmp ,X9062 ,0,0,0
298,high_res,tmp ,high_res.tmp ,X9102 ,0,0,0
299,high_res,tmp ,high_res.tmp ,X9160 ,0,0,0
300,high_res,tmp ,high_res.tmp ,X48160 ,0,0,0
301,high_res,tmp ,high_res.tmp ,X48201 ,0,0,0
302,high_res,tmp ,high_res.tmp ,X48131 ,0,0,0
303,high_res,tmp ,high_res.tmp ,X48100 ,0,0,0
304,high_res,tmp ,high_res.tmp ,X48150 ,0,0,0
305,high_res,tmp ,high_res.tmp ,X48193 ,0,0,0
306,high_res,tmp ,high_res.tmp ,X48241 ,0,0,0
307,high_res,tmp ,high_res.tmp ,X478002_Wet ,0,0,0
308,high_res,tmp ,high_res.tmp ,X478201_Wet ,0,0,0
309,high_res,tmp ,high_res.tmp ,X459201_Wet ,0,0,0
310,high_res,tmp ,high_res.tmp ,X459203_Wet ,0,0,0
311,high_res,tmp ,high_res.tmp ,X459204_Wet ,0,0,0
312,high_res,tmp ,high_res.tmp ,X48012_Wet ,0,0,0
313,high_res,tmp ,high_res.tmp ,X48032_Wet ,0,0,0
314,high_res,tmp ,high_res.tmp ,X48053_Wet ,0,0,0
315,high_res,tmp ,high_res.tmp ,X48092_Wet ,0,0,0
316,high_res,tmp ,high_res.tmp ,X48172_Wet ,0,0,0
317,high_res,tmp ,high_res.tmp ,X48062_Wet ,0,0,0
318,high_res,tmp ,high_res.tmp ,X48182_Wet ,0,0,0
319,high_res,tmp ,high_res.tmp ,X48121_Wet ,0,0,0
320,high_res,tmp ,high_res.tmp ,X9042_Wet ,0,0,0
321,high_res,tmp ,high_res.tmp ,X9052_Wet ,0,0,0
322,high_res,tmp ,high_res.tmp ,X9062_Wet ,0,0,0
323,high_res,tmp ,high_res.tmp ,X9102_Wet ,0,0,0
324,high_res,tmp ,high_res.tmp ,X9160_Wet ,0,0,0
325,high_res,tmp ,high_res.tmp ,X48160_Wet ,0,0,0
326,high_res,tmp ,high_res.tmp ,X48201_Wet ,0,0,0
327,high_res,tmp ,high_res.tmp ,X48131_Wet ,0,0,0
328,high_res,tmp ,high_res.tmp ,X48100_Wet ,0,0,0
329,high_res,tmp ,high_res.tmp ,X48150_Wet ,0,0,0
330,high_res,tmp ,high_res.tmp ,X48193_Wet ,0,0,0
331,high_res,tmp ,high_res.tmp ,X48241_Wet ,0,0,0
332,high_res,tmp ,high_res.tmp ,X478002_WetRate ,0,0,0
333,high_res,tmp ,high_res.tmp ,X478201_WetRate ,0,0,0
334,high_res,tmp ,high_res.tmp ,X459201_WetRate ,0,0,0
335,high_res,tmp ,high_res.tmp ,X459203_WetRate ,0,0,0
336,high_res,tmp ,high_res.tmp ,X459204_WetRate ,0,0,0
337,high_res,tmp ,high_res.tmp ,X48012_WetRate ,0,0,0
338,high_res,tmp ,high_res.tmp ,X48032_WetRate ,0,0,0
339,high_res,tmp ,high_res.tmp ,X48053_WetRate ,0,0,0
340,high_res,tmp ,high_res.tmp ,X48092_WetRate ,0,0,0
341,high_res,tmp ,high_res.tmp ,X48172_WetRate ,0,0,0
342,high_res,tmp ,high_res.tmp ,X48062_WetRate ,0,0,0
343,high_res,tmp ,high_res.tmp ,X48182_WetRate ,0,0,0
344,high_res,tmp ,high_res.tmp ,X48121_WetRate ,0,0,0
345,high_res,tmp ,high_res.tmp ,X9042_WetRate ,0,0,0
346,high_res,tmp ,high_res.tmp ,X9052_WetRate ,0,0,0
347,high_res,tmp ,high_res.tmp ,X9062_WetRate ,0,0,0
348,high_res,tmp ,high_res.tmp ,X9102_WetRate ,0,0,0
349,high_res,tmp ,high_res.tmp ,X9160_WetRate ,0,0,0
350,high_res,tmp ,high_res.tmp ,X48160_WetRate ,0,0,0
351,high_res,tmp ,high_res.tmp ,X48201_WetRate ,0,0,0
352,high_res,tmp ,high_res.tmp ,X48131_WetRate ,0,0,0
353,high_res,tmp ,high_res.tmp ,X48100_WetRate ,0,0,0
354,high_res,tmp ,high_res.tmp ,X48150_WetRate ,0,0,0
355,high_res,tmp ,high_res.tmp ,X48193_WetRate ,0,0,0
356,high_res,tmp ,high_res.tmp ,X48241_WetRate ,0,0,0
357,high_res,vap ,high_res.vap ,X48459_MAX ,0,0,0
358,high_res,vap ,high_res.vap ,X48459_MIN ,0,0,0
359,high_res,vap ,high_res.vap ,X48461_MAX ,0,0,0
360,high_res,vap ,high_res.vap ,X48461_MIN ,0,0,0
361,high_res,vap ,high_res.vap ,X48477_MAX ,0,0,0
362,high_res,vap ,high_res.vap ,X48477_MIN ,0,0,0
363,high_res,vap ,high_res.vap ,X48478_MAX ,0,0,0
364,high_res,vap ,high_res.vap ,X48478_MIN ,0,0,0
365,high_res,vap ,high_res.vap ,X48459_HMD ,0,0,0
366,high_res,vap ,high_res.vap ,X48461_HMD ,0,0,0
367,high_res,vap ,high_res.vap ,X48477_HMD ,0,0,0
368,high_res,vap ,high_res.vap ,X48478_HMD ,0,0,0
369,high_res,vap ,high_res.vap ,X48478_SLR ,0,0,0
370,high_res,vap ,high_res.vap ,X48461_SLR ,0,0,0
371,high_res,vap ,high_res.vap ,X478002 ,0,0,0
372,high_res,vap ,high_res.vap ,X478201 ,0,0,0
373,high_res,vap ,high_res.vap ,X459201 ,0,0,0
374,high_res,vap ,high_res.vap ,X459203 ,0,0,0
375,high_res,vap ,high_res.vap ,X459204 ,0,0,0
376,high_res,vap ,high_res.vap ,X48012 ,0,0,0
377,high_res,vap ,high_res.vap ,X48032 ,0,0,0
378,high_res,vap ,high_res.vap ,X48053 ,0,0,0
379,high_res,vap ,high_res.vap ,X48092 ,0,0,0
380,high_res,vap ,high_res.vap ,X48172 ,0,0,0
381,high_res,vap ,high_res.vap ,X48062 ,0,0,0
382,high_res,vap ,high_res.vap ,X48182 ,0,0,0
383,high_res,vap ,high_res.vap ,X48121 ,0,0,0
384,high_res,vap ,high_res.vap ,X9042 ,0,0,0
385,high_res,vap ,high_res.vap ,X9052 ,0,0,0
386,high_res,vap ,high_res.vap ,X9062 ,0,0,0
387,high_res,vap ,high_res.vap ,X9102 ,0,0,0
388,high_res,vap ,high_res.vap ,X9160 ,0,0,0
389,high_res,vap ,high_res.vap ,X48160 ,0,0,0
390,high_res,vap ,high_res.vap ,X48201 ,0,0,0
391,high_res,vap ,high_res.vap ,X48131 ,0,0,0
392,high_res,vap ,high_res.vap ,X48100 ,0,0,0
393,high_res,vap ,high_res.vap ,X48150 ,0,0,0
394,high_res,vap ,high_res.vap ,X48193 ,0,0,0
395,high_res,vap ,high_res.vap ,X48241 ,0,0,0
396,high_res,vap ,high_res.vap ,X478002_Wet ,0,0,0
397,high_res,vap ,high_res.vap ,X478201_Wet ,0,0,0
398,high_res,vap ,high_res.vap ,X459201_Wet ,0,0,0
399,high_res,vap ,high_res.vap ,X459203_Wet ,0,0,0
400,high_res,vap ,high_res.vap ,X459204_Wet ,0,0,0
401,high_res,vap ,high_res.vap ,X48012_Wet ,0,0,0
402,high_res,vap ,high_res.vap ,X48032_Wet ,0,0,0
403,high_res,vap ,high_res.vap ,X48053_Wet ,0,0,0
404,high_res,vap ,high_res.vap ,X48092_Wet ,0,0,0
405,high_res,vap ,high_res.vap ,X48172_Wet ,0,0,0
406,high_res,vap ,high_res.vap ,X48062_Wet ,0,0,0
407,high_res,vap ,high_res.vap ,X48182_Wet ,0,0,0
408,high_res,vap ,high_res.vap ,X48121_Wet ,0,0,0
409,high_res,vap ,high_res.vap ,X9042_Wet ,0,0,0
410,high_res,vap ,high_res.vap ,X9052_Wet ,0,0,0
411,high_res,vap ,high_res.vap ,X9062_Wet ,0,0,0
412,high_res,vap ,high_res.vap ,X9102_Wet ,0,0,0
413,high_res,vap ,high_res.vap ,X9160_Wet ,0,0,0
414,high_res,vap ,high_res.vap ,X48160_Wet ,0,0,0
415,high_res,vap ,high_res.vap ,X48201_Wet ,0,0,0
416,high_res,vap ,high_res.vap ,X48131_Wet ,0,0,0
417,high_res,vap ,high_res.vap ,X48100_Wet ,0,0,0
418,high_res,vap ,high_res.vap ,X48150_Wet ,0,0,0
419,high_res,vap ,high_res.vap ,X48193_Wet ,0,0,0
420,high_res,vap ,high_res.vap ,X48241_Wet ,0,0,0
421,high_res,vap ,high_res.vap ,X478002_WetRate ,0,0,0
422,high_res,vap ,high_res.vap ,X478201_WetRate ,0,0,0
423,high_res,vap ,high_res.vap ,X459201_WetRate ,0,0,0
424,high_res,vap ,high_res.vap ,X459203_WetRate ,0,0,0
425,high_res,vap ,high_res.vap ,X459204_WetRate ,0,0,0
426,high_res,vap ,high_res.vap ,X48012_WetRate ,0,0,0
427,high_res,vap ,high_res.vap ,X48032_WetRate ,0,0,0
428,high_res,vap ,high_res.vap ,X48053_WetRate ,0,0,0
429,high_res,vap ,high_res.vap ,X48092_WetRate ,0,0,0
430,high_res,vap ,high_res.vap ,X48172_WetRate ,0,0,0
431,high_res,vap ,high_res.vap ,X48062_WetRate ,0,0,0
432,high_res,vap ,high_res.vap ,X48182_WetRate ,0,0,0
433,high_res,vap ,high_res.vap ,X48121_WetRate ,0,0,0
434,high_res,vap ,high_res.vap ,X9042_WetRate ,0,0,0
435,high_res,vap ,high_res.vap ,X9052_WetRate ,0,0,0
436,high_res,vap ,high_res.vap ,X9062_WetRate ,0,0,0
437,high_res,vap ,high_res.vap ,X9102_WetRate ,0,0,0
438,high_res,vap ,high_res.vap ,X9160_WetRate ,0,0,0
439,high_res,vap ,high_res.vap ,X48160_WetRate ,0,0,0
440,high_res,vap ,high_res.vap ,X48201_WetRate ,0,0,0
441,high_res,vap ,high_res.vap ,X48131_WetRate ,0,0,0
442,high_res,vap ,high_res.vap ,X48100_WetRate ,0,0,0
443,high_res,vap ,high_res.vap ,X48150_WetRate ,0,0,0
444,high_res,vap ,high_res.vap ,X48193_WetRate ,0,0,0
445,high_res,vap ,high_res.vap ,X48241_WetRate ,0,0,0
446,SST,nina12 ,nina12 ,X48459_MAX ,0.678669,0.7086275,0.6463908
447,SST,nina12 ,nina12 ,X48459_MIN ,0.7379642,0.7225475,0.6323493
448,SST,nina12 ,nina12 ,X48461_MAX ,0.6948127,0.7375692,0.6702679
449,SST,nina12 ,nina12 ,X48461_MIN ,0.7852995,0.7723316,0.7156885
450,SST,nina12 ,nina12 ,X48477_MAX ,0.5136582,0.4906693,0.5078572
451,SST,nina12 ,nina12 ,X48477_MIN ,0.7626073,0.7530873,0.6821296
452,SST,nina12 ,nina12 ,X48478_MAX ,0.4914999,0.5298497,0.4700768
453,SST,nina12 ,nina12 ,X48478_MIN ,0.7554002,0.752747,0.6819989
454,SST,nina12 ,nina12 ,X48459_HMD ,0.5302333,0.06595696,0.08284398
455,SST,nina12 ,nina12 ,X48461_HMD ,0.342517,0.06276869,-0.07960274
456,SST,nina12 ,nina12 ,X48477_HMD ,0.3921413,0.1930887,0.07780712
457,SST,nina12 ,nina12 ,X48478_HMD ,0.4631511,0.01499102,0.0855503
458,SST,nina12 ,nina12 ,X48478_SLR ,-0.5872628,-0.5101555,-0.3084631
459,SST,nina12 ,nina12 ,X48461_SLR ,0.6376357,0.7291157,0.4973107
460,SST,nina12 ,nina12 ,X478002 ,0.5156511,0.123763,0.0231777
461,SST,nina12 ,nina12 ,X478201 ,0.4792901,0.1389251,-0.01146066
462,SST,nina12 ,nina12 ,X459201 ,0.5112733,0.1293314,0.02350553
463,SST,nina12 ,nina12 ,X459203 ,0.4289817,0.1200305,0.1945706
464,SST,nina12 ,nina12 ,X459204 ,0.4322309,0.1311199,0.2093755
465,SST,nina12 ,nina12 ,X48012 ,0.4607604,0.1424139,-0.03692052
466,SST,nina12 ,nina12 ,X48032 ,0.6021729,0.1027189,0.2023481
467,SST,nina12 ,nina12 ,X48053 ,0.4769718,0.1788927,-0.01007653
468,SST,nina12 ,nina12 ,X48092 ,0.4628693,0.1556756,0.0158225
469,SST,nina12 ,nina12 ,X48172 ,0.5388917,0.0596368,0.1137161
470,SST,nina12 ,nina12 ,X48062 ,0.4691727,0.04710211,-0.03089726
471,SST,nina12 ,nina12 ,X48182 ,0.4185063,0.1406178,-0.09816217
472,SST,nina12 ,nina12 ,X48121 ,0.5231799,0.09963073,0.06848314
473,SST,nina12 ,nina12 ,X9042 ,0.4033239,0.1178583,-0.07395032
474,SST,nina12 ,nina12 ,X9052 ,0.4371885,0.06269836,0.3236789
475,SST,nina12 ,nina12 ,X9062 ,0.4868841,0.07054687,0.05017103
476,SST,nina12 ,nina12 ,X9102 ,0.4093778,0.01238486,0.252146
477,SST,nina12 ,nina12 ,X9160 ,0.4580687,0.071655,0.01055972
478,SST,nina12 ,nina12 ,X48160 ,0.5594354,0.1920599,0.05332708
479,SST,nina12 ,nina12 ,X48201 ,0.568737,0.2819701,0.0309655
480,SST,nina12 ,nina12 ,X48131 ,0.5540489,0.05276054,0.1064898
481,SST,nina12 ,nina12 ,X48100 ,0.4878686,0.158785,-0.01072019
482,SST,nina12 ,nina12 ,X48150 ,0.507208,0.152174,0.04781292
483,SST,nina12 ,nina12 ,X48193 ,0.4797039,0.1398953,-0.01040152
484,SST,nina12 ,nina12 ,X48241 ,0.5362272,0.09268745,0.08058921
485,SST,nina12 ,nina12 ,X478002_Wet ,0.564592,0.1240664,0.05047489
486,SST,nina12 ,nina12 ,X478201_Wet ,0.5808332,0.1188738,0.02994529
487,SST,nina12 ,nina12 ,X459201_Wet ,0.680288,0.1673588,0.2062926
488,SST,nina12 ,nina12 ,X459203_Wet ,0.5806537,0.1669833,0.04625584
489,SST,nina12 ,nina12 ,X459204_Wet ,0.5996662,0.166925,0.08496308
490,SST,nina12 ,nina12 ,X48012_Wet ,0.5367986,0.1917358,0.0399372
491,SST,nina12 ,nina12 ,X48032_Wet ,0.686155,0.1477782,0.2768872
492,SST,nina12 ,nina12 ,X48053_Wet ,0.6419604,0.1756621,0.1239415
493,SST,nina12 ,nina12 ,X48092_Wet ,0.4598671,0.08940276,-0.04509908
494,SST,nina12 ,nina12 ,X48172_Wet ,0.5640596,0.2157865,-0.1394386
495,SST,nina12 ,nina12 ,X48062_Wet ,0.6232387,0.1379871,0.1160313
496,SST,nina12 ,nina12 ,X48182_Wet ,0.4814673,0.08713068,-0.03262756
497,SST,nina12 ,nina12 ,X48121_Wet ,0.6284941,0.1921524,0.2011328
498,SST,nina12 ,nina12 ,X9042_Wet ,0.5666031,0.2610334,0.1710581
499,SST,nina12 ,nina12 ,X9052_Wet ,0.5032725,0.2325039,-0.01227668
500,SST,nina12 ,nina12 ,X9062_Wet ,0.552017,0.2712699,-0.1079679
501,SST,nina12 ,nina12 ,X9102_Wet ,0.4725151,0.1846763,-0.02948713
502,SST,nina12 ,nina12 ,X9160_Wet ,0.6133861,0.1933698,0.1523361
503,SST,nina12 ,nina12 ,X48160_Wet ,0.5617779,0.1253473,0.06363508
504,SST,nina12 ,nina12 ,X48201_Wet ,0.6508532,0.248214,0.01313287
505,SST,nina12 ,nina12 ,X48131_Wet ,0.6554054,0.1279343,0.2073772
506,SST,nina12 ,nina12 ,X48100_Wet ,0.614275,0.2189093,0.09788892
507,SST,nina12 ,nina12 ,X48150_Wet ,0.5863316,0.1846526,0.0864336
508,SST,nina12 ,nina12 ,X48193_Wet ,0.5772584,0.1172113,0.03186639
509,SST,nina12 ,nina12 ,X48241_Wet ,0.6321223,0.2634516,-0.05287747
510,SST,nina12 ,nina12 ,X478002_WetRate ,0.5617641,0.1223941,0.05258654
511,SST,nina12 ,nina12 ,X478201_WetRate ,0.5760084,0.1143144,0.03240502
512,SST,nina12 ,nina12 ,X459201_WetRate ,0.6770027,0.1659287,0.2054517
513,SST,nina12 ,nina12 ,X459203_WetRate ,0.5771031,0.1651976,0.04829325
514,SST,nina12 ,nina12 ,X459204_WetRate ,0.5954549,0.1645183,0.08675397
515,SST,nina12 ,nina12 ,X48012_WetRate ,0.534232,0.1900508,0.04247584
516,SST,nina12 ,nina12 ,X48032_WetRate ,0.682896,0.1470732,0.2749064
517,SST,nina12 ,nina12 ,X48053_WetRate ,0.6379747,0.1719785,0.1252295
518,SST,nina12 ,nina12 ,X48092_WetRate ,0.4566941,0.08828862,-0.04288997
519,SST,nina12 ,nina12 ,X48172_WetRate ,0.5612968,0.2147855,-0.1375748
520,SST,nina12 ,nina12 ,X48062_WetRate ,0.6192773,0.1352978,0.1170436
521,SST,nina12 ,nina12 ,X48182_WetRate ,0.4781152,0.085109,-0.03014684
522,SST,nina12 ,nina12 ,X48121_WetRate ,0.6245786,0.1902886,0.2008662
523,SST,nina12 ,nina12 ,X9042_WetRate ,0.5645605,0.2601021,0.1722568
524,SST,nina12 ,nina12 ,X9052_WetRate ,0.5016366,0.2318057,-0.008713197
525,SST,nina12 ,nina12 ,X9062_WetRate ,0.5497323,0.2715011,-0.1059813
526,SST,nina12 ,nina12 ,X9102_WetRate ,0.4697971,0.1833869,-0.02827008
527,SST,nina12 ,nina12 ,X9160_WetRate ,0.6100642,0.1932444,0.1535056
528,SST,nina12 ,nina12 ,X48160_WetRate ,0.5581718,0.1242225,0.06507074
529,SST,nina12 ,nina12 ,X48201_WetRate ,0.647424,0.2471229,0.01517906
530,SST,nina12 ,nina12 ,X48131_WetRate ,0.6523503,0.127162,0.2068914
531,SST,nina12 ,nina12 ,X48100_WetRate ,0.6106252,0.2161097,0.09931055
532,SST,nina12 ,nina12 ,X48150_WetRate ,0.5827561,0.1829552,0.08830811
533,SST,nina12 ,nina12 ,X48193_WetRate ,0.5723,0.1126537,0.03426268
534,SST,nina12 ,nina12 ,X48241_WetRate ,0.6285405,0.2614186,-0.04934432
535,SST,nina34 ,nina34 ,X48459_MAX ,0.385894,0.3920418,0.5003792
536,SST,nina34 ,nina34 ,X48459_MIN ,0.436952,0.3345637,0.5233701
537,SST,nina34 ,nina34 ,X48461_MAX ,0.4627783,0.4043785,0.5564898
538,SST,nina34 ,nina34 ,X48461_MIN ,0.4455552,0.3130581,0.5777487
539,SST,nina34 ,nina34 ,X48477_MAX ,0.3894449,0.2984445,0.4594638
540,SST,nina34 ,nina34 ,X48477_MIN ,0.3841363,0.2509088,0.5143604
541,SST,nina34 ,nina34 ,X48478_MAX ,0.3376136,0.3648104,0.3310391
542,SST,nina34 ,nina34 ,X48478_MIN ,0.3952578,0.2758783,0.5201865
543,SST,nina34 ,nina34 ,X48459_HMD ,0.2464376,0.007736255,0.2534616
544,SST,nina34 ,nina34 ,X48461_HMD ,0.1671206,0.0141523,0.1135809
545,SST,nina34 ,nina34 ,X48477_HMD ,0.2292666,0.1252368,0.1671774
546,SST,nina34 ,nina34 ,X48478_HMD ,0.2194215,0.03287922,0.1830649
547,SST,nina34 ,nina34 ,X48478_SLR ,-0.2105538,-0.01712408,-0.08174723
548,SST,nina34 ,nina34 ,X48461_SLR ,-0.1395306,0.0832813,-0.000796359
549,SST,nina34 ,nina34 ,X478002 ,0.2149684,-0.1147213,0.05088959
550,SST,nina34 ,nina34 ,X478201 ,0.2162209,-0.03687032,0.156404
551,SST,nina34 ,nina34 ,X459201 ,0.2265639,-0.08976495,0.1842096
552,SST,nina34 ,nina34 ,X459203 ,0.1893521,0.03852064,0.0811412
553,SST,nina34 ,nina34 ,X459204 ,0.192791,-0.05316043,0.1405795
554,SST,nina34 ,nina34 ,X48012 ,0.2086591,-0.0762606,0.154144
555,SST,nina34 ,nina34 ,X48032 ,0.2690029,-0.1280455,0.1443928
556,SST,nina34 ,nina34 ,X48053 ,0.2012141,-0.03202703,0.1308267
557,SST,nina34 ,nina34 ,X48092 ,0.2277323,-0.07362845,0.2165753
558,SST,nina34 ,nina34 ,X48172 ,0.2250304,-0.132364,0.09156319
559,SST,nina34 ,nina34 ,X48062 ,0.1588958,-0.2088055,0.1180556
560,SST,nina34 ,nina34 ,X48182 ,0.1699048,-0.07757497,0.1029631
561,SST,nina34 ,nina34 ,X48121 ,0.2184562,-0.1549451,0.218536
562,SST,nina34 ,nina34 ,X9042 ,0.1869734,-0.0198655,0.1073041
563,SST,nina34 ,nina34 ,X9052 ,0.1952366,-0.1256548,0.3095687
564,SST,nina34 ,nina34 ,X9062 ,0.2074538,-0.1052574,0.1837517
565,SST,nina34 ,nina34 ,X9102 ,0.1571722,-0.07038147,0.2157048
566,SST,nina34 ,nina34 ,X9160 ,0.2328964,-0.03334446,0.197961
567,SST,nina34 ,nina34 ,X48160 ,0.227772,-0.08448308,0.1824327
568,SST,nina34 ,nina34 ,X48201 ,0.2691223,-0.1279112,0.164783
569,SST,nina34 ,nina34 ,X48131 ,0.2303278,-0.1512547,0.07394411
570,SST,nina34 ,nina34 ,X48100 ,0.1935278,-0.0863705,0.1260088
571,SST,nina34 ,nina34 ,X48150 ,0.2321623,-0.09561614,0.2181939
572,SST,nina34 ,nina34 ,X48193 ,0.2174625,-0.03435251,0.1578296
573,SST,nina34 ,nina34 ,X48241 ,0.2101838,-0.1549303,0.04989352
574,SST,nina34 ,nina34 ,X478002_Wet ,0.1531741,-0.1684721,-0.09828825
575,SST,nina34 ,nina34 ,X478201_Wet ,0.1677989,-0.2009837,-0.06384105
576,SST,nina34 ,nina34 ,X459201_Wet ,0.2361158,-0.1675339,0.03288373
577,SST,nina34 ,nina34 ,X459203_Wet ,0.2005631,-0.07977106,0.1232477
578,SST,nina34 ,nina34 ,X459204_Wet ,0.2156715,-0.08304198,0.1683806
579,SST,nina34 ,nina34 ,X48012_Wet ,0.1856066,-0.03621811,0.0743655
580,SST,nina34 ,nina34 ,X48032_Wet ,0.2712513,-0.1301944,0.1404045
581,SST,nina34 ,nina34 ,X48053_Wet ,0.2145766,-0.1286358,-0.0330502
582,SST,nina34 ,nina34 ,X48092_Wet ,0.08756333,-0.1870648,-0.1460944
583,SST,nina34 ,nina34 ,X48172_Wet ,-0.1544245,-0.2800449,-0.04295304
584,SST,nina34 ,nina34 ,X48062_Wet ,0.2191652,-0.1542989,0.03868616
585,SST,nina34 ,nina34 ,X48182_Wet ,0.1076333,-0.1503259,-0.01320419
586,SST,nina34 ,nina34 ,X48121_Wet ,0.1979368,-0.1486372,0.00606697
587,SST,nina34 ,nina34 ,X9042_Wet ,0.2950142,-0.04491333,0.3241613
588,SST,nina34 ,nina34 ,X9052_Wet ,0.2501514,-0.009305353,0.2167976
589,SST,nina34 ,nina34 ,X9062_Wet ,0.2189244,-0.1792661,0.09511036
590,SST,nina34 ,nina34 ,X9102_Wet ,0.2032647,-0.02890944,0.1302378
591,SST,nina34 ,nina34 ,X9160_Wet ,0.243154,-0.0846689,0.08844725
592,SST,nina34 ,nina34 ,X48160_Wet ,0.1606589,-0.1765362,-0.05812689
593,SST,nina34 ,nina34 ,X48201_Wet ,0.2495934,-0.1361209,0.1066235
594,SST,nina34 ,nina34 ,X48131_Wet ,0.2483036,-0.1299782,0.07499872
595,SST,nina34 ,nina34 ,X48100_Wet ,0.2158482,-0.1008966,0.002273798
596,SST,nina34 ,nina34 ,X48150_Wet ,0.1834104,-0.1443439,-0.02519682
597,SST,nina34 ,nina34 ,X48193_Wet ,0.1680433,-0.1943754,-0.06050657
598,SST,nina34 ,nina34 ,X48241_Wet ,0.2139366,-0.1821421,0.05241219
599,SST,nina34 ,nina34 ,X478002_WetRate ,0.1516165,-0.1688997,-0.09482191
600,SST,nina34 ,nina34 ,X478201_WetRate ,0.1652747,-0.201048,-0.05989704
601,SST,nina34 ,nina34 ,X459201_WetRate ,0.2344056,-0.1675207,0.03606216
602,SST,nina34 ,nina34 ,X459203_WetRate ,0.1995527,-0.07853065,0.124148
603,SST,nina34 ,nina34 ,X459204_WetRate ,0.2141814,-0.08346173,0.1693377
604,SST,nina34 ,nina34 ,X48012_WetRate ,0.1855021,-0.03588219,0.07689641
605,SST,nina34 ,nina34 ,X48032_WetRate ,0.2702266,-0.129657,0.1431018
606,SST,nina34 ,nina34 ,X48053_WetRate ,0.2127356,-0.1289494,-0.02914001
607,SST,nina34 ,nina34 ,X48092_WetRate ,0.08544833,-0.1874661,-0.143803
608,SST,nina34 ,nina34 ,X48172_WetRate ,-0.1548482,-0.2807845,-0.04158106
609,SST,nina34 ,nina34 ,X48062_WetRate ,0.2170264,-0.1553021,0.04174883
610,SST,nina34 ,nina34 ,X48182_WetRate ,0.1060651,-0.1499895,-0.01216422
611,SST,nina34 ,nina34 ,X48121_WetRate ,0.1955999,-0.1490574,0.007931972
612,SST,nina34 ,nina34 ,X9042_WetRate ,0.2948009,-0.04380288,0.3253667
613,SST,nina34 ,nina34 ,X9052_WetRate ,0.2502534,-0.007512273,0.2185922
614,SST,nina34 ,nina34 ,X9062_WetRate ,0.2174438,-0.1788315,0.09714457
615,SST,nina34 ,nina34 ,X9102_WetRate ,0.2024854,-0.02782392,0.1306808
616,SST,nina34 ,nina34 ,X9160_WetRate ,0.2420393,-0.08463263,0.09189145
617,SST,nina34 ,nina34 ,X48160_WetRate ,0.158709,-0.1760447,-0.05562228
618,SST,nina34 ,nina34 ,X48201_WetRate ,0.247438,-0.1359001,0.1084254
619,SST,nina34 ,nina34 ,X48131_WetRate ,0.2469841,-0.1297542,0.0773315
620,SST,nina34 ,nina34 ,X48100_WetRate ,0.2138618,-0.1011816,0.00471175
621,SST,nina34 ,nina34 ,X48150_WetRate ,0.1813955,-0.1438611,-0.02269294
622,SST,nina34 ,nina34 ,X48193_WetRate ,0.1654885,-0.1944379,-0.05661901
623,SST,nina34 ,nina34 ,X48241_WetRate ,0.211485,-0.1816409,0.05570751
624,SST,nina4 ,nina4 ,X48459_MAX ,0.253994,0.213097,0.2878548
625,SST,nina4 ,nina4 ,X48459_MIN ,0.2257678,0.09380287,0.3191515
626,SST,nina4 ,nina4 ,X48461_MAX ,0.2457008,0.1887576,0.3209541
627,SST,nina4 ,nina4 ,X48461_MIN ,0.1793509,0.02106252,0.2880151
628,SST,nina4 ,nina4 ,X48477_MAX ,0.2763182,0.2014522,0.3280885
629,SST,nina4 ,nina4 ,X48477_MIN ,0.1138621,-0.05311263,0.2190426
630,SST,nina4 ,nina4 ,X48478_MAX ,0.2007034,0.255343,0.1489264
631,SST,nina4 ,nina4 ,X48478_MIN ,0.1271005,-0.02389997,0.214261
632,SST,nina4 ,nina4 ,X48459_HMD ,-0.1586868,-0.1324151,0.09820663
633,SST,nina4 ,nina4 ,X48461_HMD ,-0.1462368,-0.09026849,-0.01550074
634,SST,nina4 ,nina4 ,X48477_HMD ,-0.1399634,-0.06537892,-0.04648444
635,SST,nina4 ,nina4 ,X48478_HMD ,-0.1674532,-0.1079248,0.0144588
636,SST,nina4 ,nina4 ,X48478_SLR ,-0.1666051,-0.0871026,-0.03269464
637,SST,nina4 ,nina4 ,X48461_SLR ,0.107216,-0.09867642,0.04142151
638,SST,nina4 ,nina4 ,X478002 ,-0.05597691,-0.05107637,0.194231
639,SST,nina4 ,nina4 ,X478201 ,-0.0374755,-0.02435792,0.2006688
640,SST,nina4 ,nina4 ,X459201 ,-0.1379133,-0.1822915,0.0785438
641,SST,nina4 ,nina4 ,X459203 ,-0.0813471,0.01810997,0.07245657
642,SST,nina4 ,nina4 ,X459204 ,-0.07805134,-0.08489284,0.1131725
643,SST,nina4 ,nina4 ,X48012 ,0.06383461,-0.1518033,-0.04928837
644,SST,nina4 ,nina4 ,X48032 ,-0.1062505,-0.1744254,0.1510651
645,SST,nina4 ,nina4 ,X48053 ,-0.05359113,-0.04506531,0.1732781
646,SST,nina4 ,nina4 ,X48092 ,0.06017667,-0.06536019,-0.08709674
647,SST,nina4 ,nina4 ,X48172 ,0.1027579,-0.1128949,-0.00126212
648,SST,nina4 ,nina4 ,X48062 ,-0.136665,-0.2140281,0.09785694
649,SST,nina4 ,nina4 ,X48182 ,-0.04867612,-0.03156955,0.1604581
650,SST,nina4 ,nina4 ,X48121 ,-0.0750942,-0.1503566,0.2049199
651,SST,nina4 ,nina4 ,X9042 ,-0.09828128,-0.09946983,0.07821558
652,SST,nina4 ,nina4 ,X9052 ,-0.08794574,-0.1675142,0.09363103
653,SST,nina4 ,nina4 ,X9062 ,-0.1454096,-0.1483646,0.049925
654,SST,nina4 ,nina4 ,X9102 ,-0.1432651,-0.1178863,-0.0081734
655,SST,nina4 ,nina4 ,X9160 ,-0.08484444,-0.1132961,0.1338322
656,SST,nina4 ,nina4 ,X48160 ,-0.0846101,-0.07661748,0.1759356
657,SST,nina4 ,nina4 ,X48201 ,-0.08281598,-0.07074926,0.1697801
658,SST,nina4 ,nina4 ,X48131 ,-0.1449961,-0.1347498,0.05770213
659,SST,nina4 ,nina4 ,X48100 ,-0.07385554,-0.1088746,0.1666675
660,SST,nina4 ,nina4 ,X48150 ,-0.07451902,-0.1067312,0.1677091
661,SST,nina4 ,nina4 ,X48193 ,-0.03686563,-0.02144141,0.2005714
662,SST,nina4 ,nina4 ,X48241 ,-0.1145627,-0.1343149,0.1115369
663,SST,nina4 ,nina4 ,X478002_Wet ,-0.2908614,-0.2549147,-0.1631725
664,SST,nina4 ,nina4 ,X478201_Wet ,-0.2260271,-0.2666149,0.01073916
665,SST,nina4 ,nina4 ,X459201_Wet ,-0.2113525,-0.1713976,0.02536759
666,SST,nina4 ,nina4 ,X459203_Wet ,-0.2039823,-0.1985433,0.01298547
667,SST,nina4 ,nina4 ,X459204_Wet ,-0.1520687,-0.1503652,0.1228303
668,SST,nina4 ,nina4 ,X48012_Wet ,-0.1378343,-0.1161668,0.07086947
669,SST,nina4 ,nina4 ,X48032_Wet ,-0.1888667,-0.1639738,0.07557029
670,SST,nina4 ,nina4 ,X48053_Wet ,-0.1737241,-0.1201796,0.08055162
671,SST,nina4 ,nina4 ,X48092_Wet ,-0.2386488,-0.1778902,-0.1106579
672,SST,nina4 ,nina4 ,X48172_Wet ,-0.348293,-0.3291593,-0.2626805
673,SST,nina4 ,nina4 ,X48062_Wet ,-0.1807194,-0.1520189,0.07523109
674,SST,nina4 ,nina4 ,X48182_Wet ,-0.2687673,-0.2919466,-0.107598
675,SST,nina4 ,nina4 ,X48121_Wet ,-0.2304891,-0.20542,-0.04481148
676,SST,nina4 ,nina4 ,X9042_Wet ,0.09774073,-0.1212755,0.01369548
677,SST,nina4 ,nina4 ,X9052_Wet ,-0.1231776,-0.08685132,0.07185566
678,SST,nina4 ,nina4 ,X9062_Wet ,-0.150796,-0.181177,0.1132089
679,SST,nina4 ,nina4 ,X9102_Wet ,0.1318093,-0.03448295,0.05038847
680,SST,nina4 ,nina4 ,X9160_Wet ,-0.103521,-0.0790242,0.1806466
681,SST,nina4 ,nina4 ,X48160_Wet ,-0.2154607,-0.2170495,-0.01417619
682,SST,nina4 ,nina4 ,X48201_Wet ,-0.2379969,-0.1956723,-0.03306298
683,SST,nina4 ,nina4 ,X48131_Wet ,-0.1886037,-0.1519143,0.05328327
684,SST,nina4 ,nina4 ,X48100_Wet ,-0.1349974,-0.0792066,0.1205601
685,SST,nina4 ,nina4 ,X48150_Wet ,-0.1997288,-0.1383766,-0.01681474
686,SST,nina4 ,nina4 ,X48193_Wet ,-0.2243525,-0.2650074,0.01307029
687,SST,nina4 ,nina4 ,X48241_Wet ,-0.2233805,-0.2198329,0.03535778
688,SST,nina4 ,nina4 ,X478002_WetRate ,-0.2914223,-0.2557754,-0.1636096
689,SST,nina4 ,nina4 ,X478201_WetRate ,-0.2265639,-0.268393,0.01005334
690,SST,nina4 ,nina4 ,X459201_WetRate ,-0.2112694,-0.172055,0.02446565
691,SST,nina4 ,nina4 ,X459203_WetRate ,-0.2044192,-0.1995973,0.01155611
692,SST,nina4 ,nina4 ,X459204_WetRate ,-0.1525797,-0.1537096,0.1209829
693,SST,nina4 ,nina4 ,X48012_WetRate ,-0.1375183,-0.1169962,0.07040358
694,SST,nina4 ,nina4 ,X48032_WetRate ,-0.1882662,-0.1642851,0.07519645
695,SST,nina4 ,nina4 ,X48053_WetRate ,-0.1738562,-0.1223603,0.07885992
696,SST,nina4 ,nina4 ,X48092_WetRate ,-0.2391612,-0.179421,-0.1116291
697,SST,nina4 ,nina4 ,X48172_WetRate ,-0.3487603,-0.3295862,-0.2619006
698,SST,nina4 ,nina4 ,X48062_WetRate ,-0.1808765,-0.1537034,0.07360793
699,SST,nina4 ,nina4 ,X48182_WetRate ,-0.2699512,-0.2930914,-0.1090983
700,SST,nina4 ,nina4 ,X48121_WetRate ,-0.2307127,-0.2068971,-0.0451809
701,SST,nina4 ,nina4 ,X9042_WetRate ,0.09718695,-0.1209187,0.01567827
702,SST,nina4 ,nina4 ,X9052_WetRate ,-0.1234578,-0.0868369,0.07000532
703,SST,nina4 ,nina4 ,X9062_WetRate ,-0.1509143,-0.1814681,0.1118424
704,SST,nina4 ,nina4 ,X9102_WetRate ,0.1313248,-0.03395592,0.05163885
705,SST,nina4 ,nina4 ,X9160_WetRate ,-0.1028091,-0.08019019,0.1794927
706,SST,nina4 ,nina4 ,X48160_WetRate ,-0.2154626,-0.2175112,-0.01467138
707,SST,nina4 ,nina4 ,X48201_WetRate ,-0.2379048,-0.1966407,-0.03288444
708,SST,nina4 ,nina4 ,X48131_WetRate ,-0.1884899,-0.1536653,0.05297491
709,SST,nina4 ,nina4 ,X48100_WetRate ,-0.134761,-0.0806668,0.1193867
710,SST,nina4 ,nina4 ,X48150_WetRate ,-0.1997465,-0.1390497,-0.01795305
711,SST,nina4 ,nina4 ,X48193_WetRate ,-0.2248554,-0.2667777,0.01242986
712,SST,nina4 ,nina4 ,X48241_WetRate ,-0.2236044,-0.2208884,0.03469585
713,SST,nina3 ,nina3 ,X48459_MAX ,0.5963398,0.6306001,0.6195747
714,SST,nina3 ,nina3 ,X48459_MIN ,0.5983466,0.4907407,0.6228125
715,SST,nina3 ,nina3 ,X48461_MAX ,0.6434122,0.6398507,0.667548
716,SST,nina3 ,nina3 ,X48461_MIN ,0.6358267,0.5029628,0.7098917
717,SST,nina3 ,nina3 ,X48477_MAX ,0.4830989,0.4394379,0.5151783
718,SST,nina3 ,nina3 ,X48477_MIN ,0.5884625,0.4565044,0.6625375
719,SST,nina3 ,nina3 ,X48478_MAX ,0.4790378,0.5302082,0.4284902
720,SST,nina3 ,nina3 ,X48478_MIN ,0.5895786,0.4688513,0.6707283
721,SST,nina3 ,nina3 ,X48459_HMD ,0.4428361,0.09252636,0.1005203
722,SST,nina3 ,nina3 ,X48461_HMD ,0.3047681,0.006932092,0.2547156
723,SST,nina3 ,nina3 ,X48477_HMD ,0.3550358,0.2234868,0.06956884
724,SST,nina3 ,nina3 ,X48478_HMD ,0.4034906,0.1158497,0.06406108
725,SST,nina3 ,nina3 ,X48478_SLR ,-0.3986724,-0.282566,-0.1574703
726,SST,nina3 ,nina3 ,X48461_SLR ,-0.3736597,-0.2271739,-0.1453554
727,SST,nina3 ,nina3 ,X478002 ,0.4152295,-0.01543869,0.09218494
728,SST,nina3 ,nina3 ,X478201 ,0.394067,0.06253584,0.05544758
729,SST,nina3 ,nina3 ,X459201 ,0.4048605,0.00242722,0.06664408
730,SST,nina3 ,nina3 ,X459203 ,0.360043,0.1411885,0.1740218
731,SST,nina3 ,nina3 ,X459204 ,0.3693817,0.08894062,0.2246928
732,SST,nina3 ,nina3 ,X48012 ,0.3707285,0.01545023,0.03478382
733,SST,nina3 ,nina3 ,X48032 ,0.4815809,-0.004123029,0.1947935
734,SST,nina3 ,nina3 ,X48053 ,0.38039,0.07854388,0.2212175
735,SST,nina3 ,nina3 ,X48092 ,0.3828661,0.03100464,0.09902185
736,SST,nina3 ,nina3 ,X48172 ,0.4231871,-0.0287608,0.1185184
737,SST,nina3 ,nina3 ,X48062 ,0.3519205,-0.1000172,0.01250741
738,SST,nina3 ,nina3 ,X48182 ,0.3424895,0.0221114,0.1886213
739,SST,nina3 ,nina3 ,X48121 ,0.4102008,-0.05678749,0.1189423
740,SST,nina3 ,nina3 ,X9042 ,0.3247382,0.002769865,0.1692689
741,SST,nina3 ,nina3 ,X9052 ,0.3682902,-0.002936742,0.3071342
742,SST,nina3 ,nina3 ,X9062 ,0.3828389,-0.009881979,0.07174793
743,SST,nina3 ,nina3 ,X9102 ,0.3335655,0.01926487,0.2089724
744,SST,nina3 ,nina3 ,X9160 ,0.3739297,0.0411706,0.04891206
745,SST,nina3 ,nina3 ,X48160 ,0.4427822,0.02225621,0.1069988
746,SST,nina3 ,nina3 ,X48201 ,0.4693934,-0.0203316,0.1858178
747,SST,nina3 ,nina3 ,X48131 ,0.4367765,-0.06449459,0.1239142
748,SST,nina3 ,nina3 ,X48100 ,0.3774742,0.01242131,0.0280246
749,SST,nina3 ,nina3 ,X48150 ,0.4113994,0.007926828,0.1175238
750,SST,nina3 ,nina3 ,X48193 ,0.3947575,0.06426238,0.056514
751,SST,nina3 ,nina3 ,X48241 ,0.4163807,-0.03386189,0.09001457
752,SST,nina3 ,nina3 ,X478002_Wet ,0.4052771,-0.01610426,-0.006153476
753,SST,nina3 ,nina3 ,X478201_Wet ,0.4159685,-0.03506957,-0.01809636
754,SST,nina3 ,nina3 ,X459201_Wet ,0.5061457,-0.008284566,0.1377335
755,SST,nina3 ,nina3 ,X459203_Wet ,0.4280439,0.01709254,0.01670677
756,SST,nina3 ,nina3 ,X459204_Wet ,0.4425879,0.007281285,0.05189892
757,SST,nina3 ,nina3 ,X48012_Wet ,0.3920644,0.05649735,-0.009264073
758,SST,nina3 ,nina3 ,X48032_Wet ,0.5232408,0.01955575,0.2003154
759,SST,nina3 ,nina3 ,X48053_Wet ,0.4744061,0.03796105,0.04618198
760,SST,nina3 ,nina3 ,X48092_Wet ,0.3179387,-0.05219879,-0.0657023
761,SST,nina3 ,nina3 ,X48172_Wet ,0.4080431,-0.0773585,-0.02976844
762,SST,nina3 ,nina3 ,X48062_Wet ,0.4749533,0.001319961,0.112108
763,SST,nina3 ,nina3 ,X48182_Wet ,0.3262284,-0.04971111,-0.08868284
764,SST,nina3 ,nina3 ,X48121_Wet ,0.4707585,0.02446049,0.1465785
765,SST,nina3 ,nina3 ,X9042_Wet ,0.4725044,0.06350719,0.2420835
766,SST,nina3 ,nina3 ,X9052_Wet ,0.4087739,0.08790685,0.06507653
767,SST,nina3 ,nina3 ,X9062_Wet ,0.4336425,-0.0758772,0.1145167
768,SST,nina3 ,nina3 ,X9102_Wet ,0.3662491,0.05405702,0.005650452
769,SST,nina3 ,nina3 ,X9160_Wet ,0.4826885,0.07044443,0.1534729
770,SST,nina3 ,nina3 ,X48160_Wet ,0.4074273,-0.01251078,0.01438605
771,SST,nina3 ,nina3 ,X48201_Wet ,0.4791899,0.01827742,0.07241506
772,SST,nina3 ,nina3 ,X48131_Wet ,0.4975832,0.01470757,0.1412161
773,SST,nina3 ,nina3 ,X48100_Wet ,0.4611876,0.06752177,0.06019426
774,SST,nina3 ,nina3 ,X48150_Wet ,0.4395295,0.02923136,0.06790723
775,SST,nina3 ,nina3 ,X48193_Wet ,0.4140032,-0.0348658,-0.01362852
776,SST,nina3 ,nina3 ,X48241_Wet ,0.4732669,-0.03865985,0.1244449
777,SST,nina3 ,nina3 ,X478002_WetRate ,0.4031421,-0.01662875,-0.003689573
778,SST,nina3 ,nina3 ,X478201_WetRate ,0.4124208,-0.03554712,-0.01561666
779,SST,nina3 ,nina3 ,X459201_WetRate ,0.5036854,-0.008421374,0.1386574
780,SST,nina3 ,nina3 ,X459203_WetRate ,0.4254425,0.01783961,0.0184251
781,SST,nina3 ,nina3 ,X459204_WetRate ,0.4395315,0.006915479,0.05422679
782,SST,nina3 ,nina3 ,X48012_WetRate ,0.3906368,0.05649383,-0.006053813
783,SST,nina3 ,nina3 ,X48032_WetRate ,0.5213606,0.02027558,0.2012973
784,SST,nina3 ,nina3 ,X48053_WetRate ,0.4718037,0.03759557,0.0486087
785,SST,nina3 ,nina3 ,X48092_WetRate ,0.3153981,-0.05214127,-0.0637524
786,SST,nina3 ,nina3 ,X48172_WetRate ,0.4056508,-0.0774945,-0.02735446
787,SST,nina3 ,nina3 ,X48062_WetRate ,0.4719752,0.000410304,0.1134046
788,SST,nina3 ,nina3 ,X48182_WetRate ,0.323356,-0.05005528,-0.08711837
789,SST,nina3 ,nina3 ,X48121_WetRate ,0.467737,0.02405348,0.1471091
790,SST,nina3 ,nina3 ,X9042_WetRate ,0.4711093,0.06428402,0.2434469
791,SST,nina3 ,nina3 ,X9052_WetRate ,0.4076795,0.08924861,0.06754041
792,SST,nina3 ,nina3 ,X9062_WetRate ,0.4315355,-0.0750077,0.1162103
793,SST,nina3 ,nina3 ,X9102_WetRate ,0.3643584,0.05462475,0.006910399
794,SST,nina3 ,nina3 ,X9160_WetRate ,0.480617,0.0709658,0.1555946
795,SST,nina3 ,nina3 ,X48160_WetRate ,0.4048664,-0.01193139,0.01637318
796,SST,nina3 ,nina3 ,X48201_WetRate ,0.4765894,0.01859676,0.07502988
797,SST,nina3 ,nina3 ,X48131_WetRate ,0.4956871,0.0156305,0.1423305
798,SST,nina3 ,nina3 ,X48100_WetRate ,0.4586126,0.06711461,0.06205512
799,SST,nina3 ,nina3 ,X48150_WetRate ,0.4369705,0.02977928,0.06988261
800,SST,nina3 ,nina3 ,X48193_WetRate ,0.4103618,-0.03529653,-0.01123803
801,SST,nina3 ,nina3 ,X48241_WetRate ,0.4699091,-0.03848675,0.1263313
802,SST,wtio ,wtio ,X48459_MAX ,0.1640061,0.1652047,0.1759297
803,SST,wtio ,wtio ,X48459_MIN ,0.2009897,0.2439368,0.261111
804,SST,wtio ,wtio ,X48461_MAX ,0.2557066,0.2583345,0.2795123
805,SST,wtio ,wtio ,X48461_MIN ,0.1259722,0.1772289,0.1148746
806,SST,wtio ,wtio ,X48477_MAX ,0.245559,0.2953319,0.2081069
807,SST,wtio ,wtio ,X48477_MIN ,0.1244787,0.1496346,0.1833764
808,SST,wtio ,wtio ,X48478_MAX ,0.319828,0.3687609,0.2761536
809,SST,wtio ,wtio ,X48478_MIN ,0.08928268,0.1356651,0.06866299
810,SST,wtio ,wtio ,X48459_HMD ,0.06454553,0.05898368,0.1181505
811,SST,wtio ,wtio ,X48461_HMD ,0.05188587,0.04715425,0.07095015
812,SST,wtio ,wtio ,X48477_HMD ,0.05160406,0.08510346,0.0285431
813,SST,wtio ,wtio ,X48478_HMD ,0.1051333,0.1100472,0.1664057
814,SST,wtio ,wtio ,X48478_SLR ,-0.1242271,-0.2635037,0.04693491
815,SST,wtio ,wtio ,X48461_SLR ,-0.065904,-0.1878104,0.08923426
816,SST,wtio ,wtio ,X478002 ,0.1249412,-0.04090515,0.2722473
817,SST,wtio ,wtio ,X478201 ,0.1554934,0.1385875,0.2493328
818,SST,wtio ,wtio ,X459201 ,0.08699835,0.07461857,0.1446592
819,SST,wtio ,wtio ,X459203 ,0.1097062,0.1113135,0.1332843
820,SST,wtio ,wtio ,X459204 ,0.09698579,0.01230625,0.1806494
821,SST,wtio ,wtio ,X48012 ,0.1603813,0.0975091,0.2750733
822,SST,wtio ,wtio ,X48032 ,0.1211929,0.1478793,0.1833107
823,SST,wtio ,wtio ,X48053 ,0.1265515,0.08689851,0.2023942
824,SST,wtio ,wtio ,X48092 ,0.1259188,0.03783115,0.1949826
825,SST,wtio ,wtio ,X48172 ,0.04703364,0.02619616,0.09627693
826,SST,wtio ,wtio ,X48062 ,0.07092357,-0.06071013,0.1738005
827,SST,wtio ,wtio ,X48182 ,0.05784856,-0.03488887,0.1315524
828,SST,wtio ,wtio ,X48121 ,0.1046891,-0.0158703,0.2217467
829,SST,wtio ,wtio ,X9042 ,-0.03908309,-0.01045094,-0.06474252
830,SST,wtio ,wtio ,X9052 ,0.2097059,0.0773791,0.2954588
831,SST,wtio ,wtio ,X9062 ,0.1109722,0.1144561,0.1576519
832,SST,wtio ,wtio ,X9102 ,0.0910947,0.04512187,0.1232594
833,SST,wtio ,wtio ,X9160 ,0.1224898,0.102264,0.1864534
834,SST,wtio ,wtio ,X48160 ,0.1012831,0.0349456,0.2136347
835,SST,wtio ,wtio ,X48201 ,0.05195964,0.02990751,0.09631521
836,SST,wtio ,wtio ,X48131 ,0.0927592,-0.01571806,0.2013358
837,SST,wtio ,wtio ,X48100 ,0.1344234,0.005644548,0.2695562
838,SST,wtio ,wtio ,X48150 ,0.1212213,0.05069027,0.2130496
839,SST,wtio ,wtio ,X48193 ,0.1548711,0.1364249,0.2489763
840,SST,wtio ,wtio ,X48241 ,0.05451565,0.007070684,0.1163738
841,SST,wtio ,wtio ,X478002_Wet ,0.05732142,-0.01273123,0.1777406
842,SST,wtio ,wtio ,X478201_Wet ,0.07593905,0.0295942,0.2142458
843,SST,wtio ,wtio ,X459201_Wet ,0.01592756,-0.04828529,0.1215745
844,SST,wtio ,wtio ,X459203_Wet ,0.1099752,0.09198513,0.2295049
845,SST,wtio ,wtio ,X459204_Wet ,0.09246278,-0.01982558,0.2241708
846,SST,wtio ,wtio ,X48012_Wet ,0.04583761,-0.02875011,0.131196
847,SST,wtio ,wtio ,X48032_Wet ,0.0740616,0.1186896,0.1470643
848,SST,wtio ,wtio ,X48053_Wet ,0.07606771,0.07695576,0.1609784
849,SST,wtio ,wtio ,X48092_Wet ,0.08464919,0.01910503,0.2166022
850,SST,wtio ,wtio ,X48172_Wet ,0.005884183,-0.009039908,0.02496477
851,SST,wtio ,wtio ,X48062_Wet ,0.01007991,-0.03597331,0.04271011
852,SST,wtio ,wtio ,X48182_Wet ,-0.0969302,-0.1571914,-0.1239141
853,SST,wtio ,wtio ,X48121_Wet ,0.1108944,0.05544088,0.2567337
854,SST,wtio ,wtio ,X9042_Wet ,0.161053,0.1009563,0.2554773
855,SST,wtio ,wtio ,X9052_Wet ,0.05961,0.04031482,0.08277558
856,SST,wtio ,wtio ,X9062_Wet ,-0.08845339,-0.04042989,-0.1833757
857,SST,wtio ,wtio ,X9102_Wet ,0.1468151,0.00902633,0.2536408
858,SST,wtio ,wtio ,X9160_Wet ,0.1141487,0.1488082,0.196286
859,SST,wtio ,wtio ,X48160_Wet ,0.1500496,0.1374642,0.2736515
860,SST,wtio ,wtio ,X48201_Wet ,-0.00050562,-0.1191884,0.08505321
861,SST,wtio ,wtio ,X48131_Wet ,0.1515685,0.06045506,0.3387979
862,SST,wtio ,wtio ,X48100_Wet ,0.1070223,0.09947454,0.2200557
863,SST,wtio ,wtio ,X48150_Wet ,0.1229643,0.1373408,0.2253676
864,SST,wtio ,wtio ,X48193_Wet ,0.07326054,0.03001711,0.2044516
865,SST,wtio ,wtio ,X48241_Wet ,-0.05456284,-0.1309377,-0.07613115
866,SST,wtio ,wtio ,X478002_WetRate ,0.05712973,-0.01281557,0.176439
867,SST,wtio ,wtio ,X478201_WetRate ,0.07537397,0.02749599,0.2118608
868,SST,wtio ,wtio ,X459201_WetRate ,0.01460656,-0.04962255,0.117122
869,SST,wtio ,wtio ,X459203_WetRate ,0.1107635,0.09391645,0.2286207
870,SST,wtio ,wtio ,X459204_WetRate ,0.09184575,-0.01801257,0.220344
871,SST,wtio ,wtio ,X48012_WetRate ,0.04550786,-0.02940467,0.1306294
872,SST,wtio ,wtio ,X48032_WetRate ,0.07446536,0.1188844,0.1454109
873,SST,wtio ,wtio ,X48053_WetRate ,0.07628104,0.07639674,0.1599686
874,SST,wtio ,wtio ,X48092_WetRate ,0.08369318,0.01772975,0.2146612
875,SST,wtio ,wtio ,X48172_WetRate ,0.00568655,-0.009930748,0.02486329
876,SST,wtio ,wtio ,X48062_WetRate ,0.0106086,-0.03570124,0.04423138
877,SST,wtio ,wtio ,X48182_WetRate ,-0.09845874,-0.1569941,-0.1257251
878,SST,wtio ,wtio ,X48121_WetRate ,0.1110132,0.05569638,0.2552336
879,SST,wtio ,wtio ,X9042_WetRate ,0.1615026,0.1008219,0.2556081
880,SST,wtio ,wtio ,X9052_WetRate ,0.05913897,0.0431756,0.08010818
881,SST,wtio ,wtio ,X9062_WetRate ,-0.08706365,-0.03861724,-0.1802842
882,SST,wtio ,wtio ,X9102_WetRate ,0.1463901,0.00837054,0.2528825
883,SST,wtio ,wtio ,X9160_WetRate ,0.114819,0.1488042,0.19526
884,SST,wtio ,wtio ,X48160_WetRate ,0.1498681,0.1368238,0.2708646
885,SST,wtio ,wtio ,X48201_WetRate ,-0.00010051,-0.1182609,0.08600005
886,SST,wtio ,wtio ,X48131_WetRate ,0.1521058,0.06273129,0.3367323
887,SST,wtio ,wtio ,X48100_WetRate ,0.1069687,0.09748573,0.2189888
888,SST,wtio ,wtio ,X48150_WetRate ,0.1231295,0.1349473,0.2245799
889,SST,wtio ,wtio ,X48193_WetRate ,0.07272927,0.02793585,0.2022407
890,SST,wtio ,wtio ,X48241_WetRate ,-0.05407896,-0.129495,-0.0730794
891,SST,setio ,setio ,X48459_MAX ,-0.1713116,-0.1947177,-0.1191138
892,SST,setio ,setio ,X48459_MIN ,0.09606261,0.07377995,0.2484828
893,SST,setio ,setio ,X48461_MAX ,-0.1118603,-0.1387424,-0.06943055
894,SST,setio ,setio ,X48461_MIN ,-0.05299228,-0.07487725,-0.09184093
895,SST,setio ,setio ,X48477_MAX ,0.04562701,-0.07481299,0.19366
896,SST,setio ,setio ,X48477_MIN ,0.06304782,0.06207012,0.1686109
897,SST,setio ,setio ,X48478_MAX ,0.08174081,-0.05726987,0.2249459
898,SST,setio ,setio ,X48478_MIN ,0.05101107,0.0739916,0.08895445
899,SST,setio ,setio ,X48459_HMD ,-0.04861671,-0.04922804,-0.04032177
900,SST,setio ,setio ,X48461_HMD ,0.1051352,0.1090024,0.099171
901,SST,setio ,setio ,X48477_HMD ,0.000842309,-0.09588811,0.102395
902,SST,setio ,setio ,X48478_HMD ,0.06844178,0.041156,0.1120857
903,SST,setio ,setio ,X48478_SLR ,-0.05514208,-0.05551651,-0.02122768
904,SST,setio ,setio ,X48461_SLR ,0.07107057,-0.01779644,0.1873592
905,SST,setio ,setio ,X478002 ,0.1302402,0.05786058,0.2318922
906,SST,setio ,setio ,X478201 ,0.1402825,0.1726505,0.1892627
907,SST,setio ,setio ,X459201 ,0.1032389,0.1593025,0.1217506
908,SST,setio ,setio ,X459203 ,0.1235728,0.04436413,0.2088812
909,SST,setio ,setio ,X459204 ,0.1353513,0.1465024,0.1848041
910,SST,setio ,setio ,X48012 ,0.15733,0.1726586,0.2240273
911,SST,setio ,setio ,X48032 ,0.1266667,0.06684014,0.2331475
912,SST,setio ,setio ,X48053 ,0.1934281,0.1807305,0.3129217
913,SST,setio ,setio ,X48092 ,0.142619,0.06091611,0.2427025
914,SST,setio ,setio ,X48172 ,0.1443828,0.1447198,0.2428642
915,SST,setio ,setio ,X48062 ,0.1479179,0.1723651,0.2258347
916,SST,setio ,setio ,X48182 ,0.1443463,0.2208355,0.1366567
917,SST,setio ,setio ,X48121 ,0.1823983,0.187281,0.2988899
918,SST,setio ,setio ,X9042 ,0.02847719,0.06307377,0.04905019
919,SST,setio ,setio ,X9052 ,0.1963002,0.1038942,0.3112693
920,SST,setio ,setio ,X9062 ,0.1062395,0.0857951,0.1452137
921,SST,setio ,setio ,X9102 ,0.1130628,0.1083492,0.1569336
922,SST,setio ,setio ,X9160 ,0.07256777,-0.02171247,0.1520958
923,SST,setio ,setio ,X48160 ,0.156167,0.1375643,0.2888995
924,SST,setio ,setio ,X48201 ,0.1103646,0.1604775,0.1551456
925,SST,setio ,setio ,X48131 ,0.1365924,0.1785239,0.2013703
926,SST,setio ,setio ,X48100 ,0.1684368,0.1215969,0.2842349
927,SST,setio ,setio ,X48150 ,0.140396,0.09129245,0.2552744
928,SST,setio ,setio ,X48193 ,0.1389292,0.1673069,0.1895995
929,SST,setio ,setio ,X48241 ,0.1398154,0.2304858,0.1776581
930,SST,setio ,setio ,X478002_Wet ,0.1509143,0.1665679,0.2535647
931,SST,setio ,setio ,X478201_Wet ,0.1668302,0.2354919,0.2742108
932,SST,setio ,setio ,X459201_Wet ,0.1249716,0.1880686,0.2318621
933,SST,setio ,setio ,X459203_Wet ,0.1472543,0.1509171,0.2544727
934,SST,setio ,setio ,X459204_Wet ,0.1481379,0.1431415,0.2633104
935,SST,setio ,setio ,X48012_Wet ,0.1288354,0.1403579,0.1957342
936,SST,setio ,setio ,X48032_Wet ,0.1072642,0.1561192,0.1850385
937,SST,setio ,setio ,X48053_Wet ,0.1622174,0.1973025,0.2872697
938,SST,setio ,setio ,X48092_Wet ,0.1670849,0.2311048,0.1990563
939,SST,setio ,setio ,X48172_Wet ,0.1126452,0.219685,0.1132993
940,SST,setio ,setio ,X48062_Wet ,0.001239452,-0.07404654,0.1230298
941,SST,setio ,setio ,X48182_Wet ,0.08726086,0.1121853,0.074923
942,SST,setio ,setio ,X48121_Wet ,0.1675396,0.2549095,0.2028266
943,SST,setio ,setio ,X9042_Wet ,0.1568541,0.06966447,0.2986191
944,SST,setio ,setio ,X9052_Wet ,0.08341184,-0.03149218,0.1879452
945,SST,setio ,setio ,X9062_Wet ,-8.10E-05,-0.06012424,0.08280272
946,SST,setio ,setio ,X9102_Wet ,0.1645869,0.1554562,0.2460385
947,SST,setio ,setio ,X9160_Wet ,0.1470057,0.1808833,0.2234413
948,SST,setio ,setio ,X48160_Wet ,0.1024116,0.1328527,0.1125429
949,SST,setio ,setio ,X48201_Wet ,-0.06985778,-0.1214287,-0.07135502
950,SST,setio ,setio ,X48131_Wet ,0.1252964,0.1351937,0.2319856
951,SST,setio ,setio ,X48100_Wet ,0.10553,0.0935139,0.1583364
952,SST,setio ,setio ,X48150_Wet ,0.1194075,0.1425494,0.1651898
953,SST,setio ,setio ,X48193_Wet ,0.1754717,0.2120957,0.3007177
954,SST,setio ,setio ,X48241_Wet ,-0.06191662,-0.05360472,-0.09652717
955,SST,setio ,setio ,X478002_WetRate ,0.1513512,0.1679212,0.2502483
956,SST,setio ,setio ,X478201_WetRate ,0.1682892,0.2367624,0.2705268
957,SST,setio ,setio ,X459201_WetRate ,0.1254845,0.1889294,0.2265903
958,SST,setio ,setio ,X459203_WetRate ,0.1477838,0.1512537,0.2529744
959,SST,setio ,setio ,X459204_WetRate ,0.1488361,0.1449294,0.2602059
960,SST,setio ,setio ,X48012_WetRate ,0.1289171,0.1398313,0.1939812
961,SST,setio ,setio ,X48032_WetRate ,0.1071558,0.15597,0.1804621
962,SST,setio ,setio ,X48053_WetRate ,0.1634294,0.1982279,0.2855197
963,SST,setio ,setio ,X48092_WetRate ,0.1675098,0.2307008,0.1965802
964,SST,setio ,setio ,X48172_WetRate ,0.1126002,0.2187635,0.1107943
965,SST,setio ,setio ,X48062_WetRate ,0.001517281,-0.07232925,0.1226053
966,SST,setio ,setio ,X48182_WetRate ,0.08723256,0.1134908,0.07246603
967,SST,setio ,setio ,X48121_WetRate ,0.1681113,0.254666,0.2002255
968,SST,setio ,setio ,X9042_WetRate ,0.1567542,0.07074295,0.2969157
969,SST,setio ,setio ,X9052_WetRate ,0.0819991,-0.03298099,0.1860709
970,SST,setio ,setio ,X9062_WetRate ,0.005185461,-0.0564469,0.04210162
971,SST,setio ,setio ,X9102_WetRate ,0.1651354,0.1557577,0.2455292
972,SST,setio ,setio ,X9160_WetRate ,0.1468461,0.1809281,0.2193162
973,SST,setio ,setio ,X48160_WetRate ,0.1024452,0.1331136,0.1101512
974,SST,setio ,setio ,X48201_WetRate ,-0.07037683,-0.1204815,-0.07148998
975,SST,setio ,setio ,X48131_WetRate ,0.1256226,0.1348787,0.2303551
976,SST,setio ,setio ,X48100_WetRate ,0.1064573,0.09507335,0.1576245
977,SST,setio ,setio ,X48150_WetRate ,0.119782,0.1418217,0.1637591
978,SST,setio ,setio ,X48193_WetRate ,0.1772482,0.2147615,0.2974328
979,SST,setio ,setio ,X48241_WetRate ,-0.06172408,-0.05318206,-0.09498764
980,SST,swio ,swio ,X48459_MAX ,-0.1647857,-0.2201619,-0.09648907
981,SST,swio ,swio ,X48459_MIN ,0.03698734,0.03245878,0.2034629
982,SST,swio ,swio ,X48461_MAX ,-0.1422938,-0.255004,0.01972012
983,SST,swio ,swio ,X48461_MIN ,-0.1558439,-0.1573195,-0.1268669
984,SST,swio ,swio ,X48477_MAX ,-0.06124905,-0.1444569,0.04995397
985,SST,swio ,swio ,X48477_MIN ,-0.1419835,-0.1574937,-0.0850384
986,SST,swio ,swio ,X48478_MAX ,-0.07682267,-0.06137945,-0.09201086
987,SST,swio ,swio ,X48478_MIN ,0.03145701,0.0777895,0.1161334
988,SST,swio ,swio ,X48459_HMD ,0.02583084,-0.0421918,0.1541033
989,SST,swio ,swio ,X48461_HMD ,0.05957472,0.1509885,0.08332144
990,SST,swio ,swio ,X48477_HMD ,0.1100401,0.1379217,0.1789093
991,SST,swio ,swio ,X48478_HMD ,0.005373098,-0.02127171,0.06521688
992,SST,swio ,swio ,X48478_SLR ,0.1740094,0.1935173,0.1088071
993,SST,swio ,swio ,X48461_SLR ,0.1604062,0.1658804,0.1042356
994,SST,swio ,swio ,X478002 ,-0.1335268,-0.03467621,-0.1454998
995,SST,swio ,swio ,X478201 ,0.1051833,0.07043928,0.1564701
996,SST,swio ,swio ,X459201 ,-0.08624188,-0.03032789,-0.05037917
997,SST,swio ,swio ,X459203 ,0.1111316,0.04478858,0.2065149
998,SST,swio ,swio ,X459204 ,0.1099297,0.07901939,0.1914643
999,SST,swio ,swio ,X48012 ,0.06349896,0.0541274,0.1199339
1000,SST,swio ,swio ,X48032 ,0.1073233,0.05509932,0.1864749
1001,SST,swio ,swio ,X48053 ,0.1063082,-0.000261039,0.1996868
1002,SST,swio ,swio ,X48092 ,0.1274415,0.02873557,0.251492
1003,SST,swio ,swio ,X48172 ,0.1124309,0.01941881,0.2149182
1004,SST,swio ,swio ,X48062 ,0.07358026,-0.004917216,0.1762502
1005,SST,swio ,swio ,X48182 ,0.07666903,0.1241647,0.1014997
1006,SST,swio ,swio ,X48121 ,0.1003162,0.04907694,0.2119143
1007,SST,swio ,swio ,X9042 ,-0.06505059,-0.03986598,-0.00993352
1008,SST,swio ,swio ,X9052 ,0.09140143,0.02123435,0.1612892
1009,SST,swio ,swio ,X9062 ,0.08973482,-0.01370404,0.2123375
1010,SST,swio ,swio ,X9102 ,0.1498401,0.1132059,0.2381726
1011,SST,swio ,swio ,X9160 ,-0.06239953,0.06044679,-0.02879617
1012,SST,swio ,swio ,X48160 ,0.1416709,0.104342,0.2957328
1013,SST,swio ,swio ,X48201 ,0.0873065,-0.00912507,0.1747089
1014,SST,swio ,swio ,X48131 ,0.1600449,0.03862643,0.3103693
1015,SST,swio ,swio ,X48100 ,0.1044947,-0.01950589,0.2035305
1016,SST,swio ,swio ,X48150 ,0.1047714,-0.02741002,0.2477485
1017,SST,swio ,swio ,X48193 ,0.08899063,0.1538932,0.1213949
1018,SST,swio ,swio ,X48241 ,0.05037107,0.09378456,0.1874106
1019,SST,swio ,swio ,X478002_Wet ,0.0828331,0.0853021,0.1992289
1020,SST,swio ,swio ,X478201_Wet ,0.110281,0.1583855,0.2365643
1021,SST,swio ,swio ,X459201_Wet ,0.04269788,-0.02431112,0.1035343
1022,SST,swio ,swio ,X459203_Wet ,0.0734286,0.1607539,0.2484513
1023,SST,swio ,swio ,X459204_Wet ,0.06573545,0.1992681,0.1959115
1024,SST,swio ,swio ,X48012_Wet ,0.09156313,0.07560227,0.2025364
1025,SST,swio ,swio ,X48032_Wet ,0.02530467,0.06717158,0.06680484
1026,SST,swio ,swio ,X48053_Wet ,0.000497417,0.09827362,0.1532348
1027,SST,swio ,swio ,X48092_Wet ,0.1002023,0.124756,0.2954643
1028,SST,swio ,swio ,X48172_Wet ,0.09267325,0.05508062,0.1749783
1029,SST,swio ,swio ,X48062_Wet ,-0.06636771,0.0455099,-0.03059112
1030,SST,swio ,swio ,X48182_Wet ,0.0639211,-9.85E-05,0.1133896
1031,SST,swio ,swio ,X48121_Wet ,0.03682549,0.08773517,0.174798
1032,SST,swio ,swio ,X9042_Wet ,0.140075,0.02488466,0.2813681
1033,SST,swio ,swio ,X9052_Wet ,0.01684406,0.04811349,0.1136575
1034,SST,swio ,swio ,X9062_Wet ,-0.1338293,0.07717677,-0.2237142
1035,SST,swio ,swio ,X9102_Wet ,0.1309116,0.1358069,0.2174185
1036,SST,swio ,swio ,X9160_Wet ,0.07995818,0.1097957,0.2880416
1037,SST,swio ,swio ,X48160_Wet ,-0.01643133,0.06197298,0.08629325
1038,SST,swio ,swio ,X48201_Wet ,-0.1145255,-0.05359908,-0.1241726
1039,SST,swio ,swio ,X48131_Wet ,0.02701875,0.07472384,0.1890922
1040,SST,swio ,swio ,X48100_Wet ,0.04493755,0.04441053,0.1114768
1041,SST,swio ,swio ,X48150_Wet ,-0.00931196,-0.002621636,0.118477
1042,SST,swio ,swio ,X48193_Wet ,0.109937,0.155953,0.2348709
1043,SST,swio ,swio ,X48241_Wet ,-0.08098069,0.0366694,-0.08389
1044,SST,swio ,swio ,X478002_WetRate ,0.08208232,0.08552774,0.1947014
1045,SST,swio ,swio ,X478201_WetRate ,0.1106795,0.157851,0.233054
1046,SST,swio ,swio ,X459201_WetRate ,0.04378788,-0.02203209,0.1052646
1047,SST,swio ,swio ,X459203_WetRate ,0.07444594,0.1618672,0.2469656
1048,SST,swio ,swio ,X459204_WetRate ,0.06662455,0.2001033,0.1928855
1049,SST,swio ,swio ,X48012_WetRate ,0.09105195,0.0739315,0.2005609
1050,SST,swio ,swio ,X48032_WetRate ,0.02471807,0.06613908,0.06391957
1051,SST,swio ,swio ,X48053_WetRate ,0.0007936,0.09904977,0.1501705
1052,SST,swio ,swio ,X48092_WetRate ,0.1014566,0.1250367,0.2952973
1053,SST,swio ,swio ,X48172_WetRate ,0.0933633,0.05757789,0.1741021
1054,SST,swio ,swio ,X48062_WetRate ,-0.06673109,0.04501737,-0.03269647
1055,SST,swio ,swio ,X48182_WetRate ,0.06489886,0.000698681,0.1153466
1056,SST,swio ,swio ,X48121_WetRate ,0.03671634,0.08719072,0.1723003
1057,SST,swio ,swio ,X9042_WetRate ,0.1390844,0.0250604,0.2789955
1058,SST,swio ,swio ,X9052_WetRate ,0.01682405,0.04817555,0.1122321
1059,SST,swio ,swio ,X9062_WetRate ,-0.1338796,0.07748068,-0.2249186
1060,SST,swio ,swio ,X9102_WetRate ,0.130715,0.1375907,0.2146272
1061,SST,swio ,swio ,X9160_WetRate ,0.08027625,0.1107554,0.2841405
1062,SST,swio ,swio ,X48160_WetRate ,-0.01586811,0.06303623,0.08475906
1063,SST,swio ,swio ,X48201_WetRate ,-0.1150271,-0.05384437,-0.1244266
1064,SST,swio ,swio ,X48131_WetRate ,0.0278435,0.0762785,0.1877006
1065,SST,swio ,swio ,X48100_WetRate ,0.04459417,0.04494525,0.1087511
1066,SST,swio ,swio ,X48150_WetRate ,-0.009144797,-0.002452898,0.1172307
1067,SST,swio ,swio ,X48193_WetRate ,0.1103267,0.1554265,0.2313676
1068,SST,swio ,swio ,X48241_WetRate ,-0.08057799,0.03715637,-0.0845106
1069,SST,soi ,soi ,X48459_MAX ,-0.319261,-0.3111527,-0.3478622
1070,SST,soi ,soi ,X48459_MIN ,-0.1841229,-0.1858649,-0.2820093
1071,SST,soi ,soi ,X48461_MAX ,-0.2948471,-0.270098,-0.3475481
1072,SST,soi ,soi ,X48461_MIN ,-0.1819651,-0.1870015,-0.2469099
1073,SST,soi ,soi ,X48477_MAX ,-0.2397039,-0.2059417,-0.2908518
1074,SST,soi ,soi ,X48477_MIN ,-0.1156409,-0.122361,-0.1542311
1075,SST,soi ,soi ,X48478_MAX ,-0.2542788,-0.2445205,-0.268514
1076,SST,soi ,soi ,X48478_MIN ,-0.1361781,-0.1538517,-0.1647922
1077,SST,soi ,soi ,X48459_HMD ,0.04926544,-0.02030342,0.09815594
1078,SST,soi ,soi ,X48461_HMD ,0.04936416,-0.03338471,0.1251423
1079,SST,soi ,soi ,X48477_HMD ,-0.1052121,-0.1661947,-0.03685929
1080,SST,soi ,soi ,X48478_HMD ,-0.04551881,-0.05900394,0.002509368
1081,SST,soi ,soi ,X48478_SLR ,-0.1700398,-0.1893182,-0.04952365
1082,SST,soi ,soi ,X48461_SLR ,-0.2151983,-0.2604343,-0.07879754
1083,SST,soi ,soi ,X478002 ,-0.09101397,0.007223158,-0.1474635
1084,SST,soi ,soi ,X478201 ,-0.1505544,-0.01624036,-0.2154565
1085,SST,soi ,soi ,X459201 ,0.06227926,0.1657458,0.07241388
1086,SST,soi ,soi ,X459203 ,0.0858284,0.02646801,0.1172872
1087,SST,soi ,soi ,X459204 ,-0.078148,0.09686543,-0.1259128
1088,SST,soi ,soi ,X48012 ,-0.1593744,0.06443236,-0.2510638
1089,SST,soi ,soi ,X48032 ,-0.1293736,0.0664576,-0.2027927
1090,SST,soi ,soi ,X48053 ,-0.125555,0.05825745,-0.202687
1091,SST,soi ,soi ,X48092 ,-0.1274863,0.06016331,-0.2015451
1092,SST,soi ,soi ,X48172 ,-0.1070566,0.03686668,-0.1573107
1093,SST,soi ,soi ,X48062 ,0.09188888,0.1235893,0.06730646
1094,SST,soi ,soi ,X48182 ,0.04983793,0.04345433,0.02227631
1095,SST,soi ,soi ,X48121 ,-0.1357982,0.05273363,-0.2241733
1096,SST,soi ,soi ,X9042 ,0.0576037,0.04975104,0.04017971
1097,SST,soi ,soi ,X9052 ,0.08946111,0.0844939,0.08776005
1098,SST,soi ,soi ,X9062 ,0.1132177,0.1158714,0.118417
1099,SST,soi ,soi ,X9102 ,0.1576162,0.1488963,0.1947686
1100,SST,soi ,soi ,X9160 ,-0.05541994,-0.009479173,-0.05587972
1101,SST,soi ,soi ,X48160 ,-0.1164759,0.09280461,-0.2065753
1102,SST,soi ,soi ,X48201 ,-0.1190328,0.01179928,-0.1705687
1103,SST,soi ,soi ,X48131 ,-0.0838387,0.06190062,-0.1146375
1104,SST,soi ,soi ,X48100 ,-0.1294755,0.06360605,-0.2056623
1105,SST,soi ,soi ,X48150 ,-0.139333,0.0687628,-0.2294876
1106,SST,soi ,soi ,X48193 ,-0.1509755,-0.01938977,-0.2149595
1107,SST,soi ,soi ,X48241 ,-0.04800051,0.08256374,-0.07219878
1108,SST,soi ,soi ,X478002_Wet ,0.0752068,0.1557846,0.1591293
1109,SST,soi ,soi ,X478201_Wet ,0.1708185,0.2207352,0.2037868
1110,SST,soi ,soi ,X459201_Wet ,0.135365,0.1561722,0.1992331
1111,SST,soi ,soi ,X459203_Wet ,0.1387157,0.1714877,0.1479126
1112,SST,soi ,soi ,X459204_Wet ,0.1110779,0.1320343,0.1024572
1113,SST,soi ,soi ,X48012_Wet ,0.1232951,0.1629958,0.1099757
1114,SST,soi ,soi ,X48032_Wet ,0.09507653,0.1726439,0.02595352
1115,SST,soi ,soi ,X48053_Wet ,0.1409461,0.1442735,0.2078952
1116,SST,soi ,soi ,X48092_Wet ,0.1989452,0.1850844,0.2653978
1117,SST,soi ,soi ,X48172_Wet ,0.1898042,0.2234149,0.2684947
1118,SST,soi ,soi ,X48062_Wet ,0.120196,0.1392554,0.132318
1119,SST,soi ,soi ,X48182_Wet ,0.1570915,0.2003989,0.1536245
1120,SST,soi ,soi ,X48121_Wet ,0.1307133,0.08675482,0.2085475
1121,SST,soi ,soi ,X9042_Wet ,-0.1948288,0.04832017,-0.3210773
1122,SST,soi ,soi ,X9052_Wet ,-0.08420524,0.01818228,-0.1438846
1123,SST,soi ,soi ,X9062_Wet ,-0.07595033,0.08883685,-0.1382389
1124,SST,soi ,soi ,X9102_Wet ,-0.06842902,0.06862603,-0.1000358
1125,SST,soi ,soi ,X9160_Wet ,0.0814704,0.1230299,0.02261768
1126,SST,soi ,soi ,X48160_Wet ,0.1437792,0.2070036,0.123643
1127,SST,soi ,soi ,X48201_Wet ,0.0884006,0.09337727,0.08046398
1128,SST,soi ,soi ,X48131_Wet ,0.09586473,0.1248114,0.07730134
1129,SST,soi ,soi ,X48100_Wet ,0.101244,0.1668711,0.03670719
1130,SST,soi ,soi ,X48150_Wet ,0.1331263,0.1588548,0.1381792
1131,SST,soi ,soi ,X48193_Wet ,0.1721523,0.2160755,0.2092414
1132,SST,soi ,soi ,X48241_Wet ,0.1059555,0.1355212,0.0850692
1133,SST,soi ,soi ,X478002_WetRate ,0.07476092,0.15567,0.1558492
1134,SST,soi ,soi ,X478201_WetRate ,0.1723695,0.2230497,0.2013693
1135,SST,soi ,soi ,X459201_WetRate ,0.1356823,0.157738,0.1944368
1136,SST,soi ,soi ,X459203_WetRate ,0.1394972,0.1725586,0.1463284
1137,SST,soi ,soi ,X459204_WetRate ,0.1123365,0.1356275,0.100371
1138,SST,soi ,soi ,X48012_WetRate ,0.1235481,0.1641108,0.1080188
1139,SST,soi ,soi ,X48032_WetRate ,0.09541261,0.1737799,0.02370143
1140,SST,soi ,soi ,X48053_WetRate ,0.142062,0.1474731,0.2044925
1141,SST,soi ,soi ,X48092_WetRate ,0.1995163,0.1861737,0.2637298
1142,SST,soi ,soi ,X48172_WetRate ,0.1900485,0.2240541,0.2646593
1143,SST,soi ,soi ,X48062_WetRate ,0.1209309,0.1415729,0.1295331
1144,SST,soi ,soi ,X48182_WetRate ,0.157894,0.2012802,0.1523978
1145,SST,soi ,soi ,X48121_WetRate ,0.1307446,0.08837146,0.2054053
1146,SST,soi ,soi ,X9042_WetRate ,-0.1957131,0.04614444,-0.3221519
1147,SST,soi ,soi ,X9052_WetRate ,-0.08439011,0.01579353,-0.1434231
1148,SST,soi ,soi ,X9062_WetRate ,-0.07747,0.08612186,-0.1409234
1149,SST,soi ,soi ,X9102_WetRate ,-0.0689886,0.06708043,-0.1013076
1150,SST,soi ,soi ,X9160_WetRate ,0.08127247,0.1245692,0.01938064
1151,SST,soi ,soi ,X48160_WetRate ,0.1439542,0.2074801,0.1207303
1152,SST,soi ,soi ,X48201_WetRate ,0.08889387,0.09504546,0.07814197
1153,SST,soi ,soi ,X48131_WetRate ,0.09592828,0.1262827,0.07423312
1154,SST,soi ,soi ,X48100_WetRate ,0.1021857,0.1681535,0.03554744
1155,SST,soi ,soi ,X48150_WetRate ,0.1334674,0.1594158,0.1359881
1156,SST,soi ,soi ,X48193_WetRate ,0.1736948,0.2184357,0.2067723
1157,SST,soi ,soi ,X48241_WetRate ,0.1069847,0.1372515,0.08336115
1158,SST,noi ,noi ,X48459_MAX ,-0.2803273,-0.2619796,-0.3337624
1159,SST,noi ,noi ,X48459_MIN ,-0.1812457,-0.2251051,-0.2148108
1160,SST,noi ,noi ,X48461_MAX ,-0.2243037,-0.1617184,-0.3284383
1161,SST,noi ,noi ,X48461_MIN ,-0.1802262,-0.211103,-0.234983
1162,SST,noi ,noi ,X48477_MAX ,-0.2020003,-0.1442999,-0.2657383
1163,SST,noi ,noi ,X48477_MIN ,-0.1422847,-0.1895027,-0.1386082
1164,SST,noi ,noi ,X48478_MAX ,-0.2116372,-0.2209607,-0.2066719
1165,SST,noi ,noi ,X48478_MIN ,-0.1514794,-0.2030783,-0.1367514
1166,SST,noi ,noi ,X48459_HMD ,-0.1047604,-0.002186781,-0.1628924
1167,SST,noi ,noi ,X48461_HMD ,0.06855525,0.01403231,0.1399326
1168,SST,noi ,noi ,X48477_HMD ,-0.1413821,-0.0869588,-0.1778633
1169,SST,noi ,noi ,X48478_HMD ,-0.07821958,-0.03539408,-0.08759453
1170,SST,noi ,noi ,X48478_SLR ,-0.1583442,-0.1571982,-0.04644822
1171,SST,noi ,noi ,X48461_SLR ,-0.2304194,-0.2393324,-0.1640702
1172,SST,noi ,noi ,X478002 ,-0.194575,-0.00632501,-0.256222
1173,SST,noi ,noi ,X478201 ,-0.2007375,-0.02075577,-0.261113
1174,SST,noi ,noi ,X459201 ,-0.1085285,0.1322869,-0.1434783
1175,SST,noi ,noi ,X459203 ,-0.0864389,0.01777868,-0.0896463
1176,SST,noi ,noi ,X459204 ,-0.07972187,0.1071764,-0.1128022
1177,SST,noi ,noi ,X48012 ,-0.206746,-0.08477108,-0.2485053
1178,SST,noi ,noi ,X48032 ,-0.2044956,0.09707944,-0.292471
1179,SST,noi ,noi ,X48053 ,-0.1723903,-0.04918869,-0.2103604
1180,SST,noi ,noi ,X48092 ,-0.167659,0.02377445,-0.2141967
1181,SST,noi ,noi ,X48172 ,-0.1796055,0.05204821,-0.2481899
1182,SST,noi ,noi ,X48062 ,-0.1261569,0.1234469,-0.1763899
1183,SST,noi ,noi ,X48182 ,-0.1096303,0.0246111,-0.1276221
1184,SST,noi ,noi ,X48121 ,-0.2035404,0.07390422,-0.2977191
1185,SST,noi ,noi ,X9042 ,-0.06653853,-0.07036415,-0.04280799
1186,SST,noi ,noi ,X9052 ,-0.1327225,0.09301151,-0.1668213
1187,SST,noi ,noi ,X9062 ,-0.06928744,0.06630053,-0.07544456
1188,SST,noi ,noi ,X9102 ,0.06758522,0.07100803,0.05033974
1189,SST,noi ,noi ,X9160 ,-0.1177542,-0.07141152,-0.1237494
1190,SST,noi ,noi ,X48160 ,-0.1579419,0.04982294,-0.2219989
1191,SST,noi ,noi ,X48201 ,-0.1603786,0.04314248,-0.2155248
1192,SST,noi ,noi ,X48131 ,-0.1404904,0.1000841,-0.1869135
1193,SST,noi ,noi ,X48100 ,-0.1975252,0.003266261,-0.2591551
1194,SST,noi ,noi ,X48150 ,-0.1926273,0.05684102,-0.265818
1195,SST,noi ,noi ,X48193 ,-0.2011278,-0.02205281,-0.2614684
1196,SST,noi ,noi ,X48241 ,-0.1322495,0.1300319,-0.1800612
1197,SST,noi ,noi ,X478002_Wet ,0.1417259,0.1866688,0.1314378
1198,SST,noi ,noi ,X478201_Wet ,0.1310969,0.1471319,0.159714
1199,SST,noi ,noi ,X459201_Wet ,0.1265708,0.1453878,0.1776289
1200,SST,noi ,noi ,X459203_Wet ,0.1451593,0.1576924,0.2012026
1201,SST,noi ,noi ,X459204_Wet ,0.1166094,0.1293376,0.1161166
1202,SST,noi ,noi ,X48012_Wet ,0.1198436,0.1622981,0.09677213
1203,SST,noi ,noi ,X48032_Wet ,-0.1211368,0.09877155,-0.2253879
1204,SST,noi ,noi ,X48053_Wet ,0.1098322,0.09571969,0.1606716
1205,SST,noi ,noi ,X48092_Wet ,0.1485083,0.140148,0.2117939
1206,SST,noi ,noi ,X48172_Wet ,0.1240754,0.1834757,0.1777892
1207,SST,noi ,noi ,X48062_Wet ,-0.06718248,0.01691127,-0.08181731
1208,SST,noi ,noi ,X48182_Wet ,0.1720873,0.2010365,0.220768
1209,SST,noi ,noi ,X48121_Wet ,0.1075145,0.09507997,0.1369114
1210,SST,noi ,noi ,X9042_Wet ,-0.1846857,0.05697921,-0.2508112
1211,SST,noi ,noi ,X9052_Wet ,0.08928435,0.05948031,0.1202908
1212,SST,noi ,noi ,X9062_Wet ,-0.1334222,0.09851856,-0.2102285
1213,SST,noi ,noi ,X9102_Wet ,-0.0701579,0.1115625,-0.08546112
1214,SST,noi ,noi ,X9160_Wet ,-0.1192623,0.03961977,-0.1747326
1215,SST,noi ,noi ,X48160_Wet ,0.1103504,0.1299967,0.09149747
1216,SST,noi ,noi ,X48201_Wet ,-0.07471443,0.1394372,-0.1516839
1217,SST,noi ,noi ,X48131_Wet ,0.0873753,0.1135993,0.0210984
1218,SST,noi ,noi ,X48100_Wet ,0.08189995,0.1167334,-0.0213836
1219,SST,noi ,noi ,X48150_Wet ,0.1000309,0.1082669,0.0780593
1220,SST,noi ,noi ,X48193_Wet ,0.1302646,0.1404714,0.1646728
1221,SST,noi ,noi ,X48241_Wet ,-0.08412945,0.1338946,-0.1794711
1222,SST,noi ,noi ,X478002_WetRate ,0.1416847,0.1868507,0.1266099
1223,SST,noi ,noi ,X478201_WetRate ,0.1305336,0.1458506,0.1549478
1224,SST,noi ,noi ,X459201_WetRate ,0.126111,0.1453438,0.1699254
1225,SST,noi ,noi ,X459203_WetRate ,0.1445519,0.1560757,0.1971006
1226,SST,noi ,noi ,X459204_WetRate ,0.116543,0.130241,0.111014
1227,SST,noi ,noi ,X48012_WetRate ,0.1199665,0.1630733,0.09351054
1228,SST,noi ,noi ,X48032_WetRate ,-0.1210887,0.09769,-0.2238139
1229,SST,noi ,noi ,X48053_WetRate ,0.1090271,0.0955499,0.1538711
1230,SST,noi ,noi ,X48092_WetRate ,0.1484868,0.1408285,0.2081645
1231,SST,noi ,noi ,X48172_WetRate ,0.1250506,0.1826117,0.1783564
1232,SST,noi ,noi ,X48062_WetRate ,-0.0678052,0.0185122,-0.08434719
1233,SST,noi ,noi ,X48182_WetRate ,0.1721665,0.2003881,0.2178533
1234,SST,noi ,noi ,X48121_WetRate ,0.1070955,0.095689,0.1319938
1235,SST,noi ,noi ,X9042_WetRate ,-0.1848883,0.05642581,-0.2512574
1236,SST,noi ,noi ,X9052_WetRate ,0.08796372,0.05742222,0.1176089
1237,SST,noi ,noi ,X9062_WetRate ,-0.1337443,0.09707927,-0.2106259
1238,SST,noi ,noi ,X9102_WetRate ,-0.0704186,0.1095066,-0.08620771
1239,SST,noi ,noi ,X9160_WetRate ,-0.1194735,0.03810386,-0.1744115
1240,SST,noi ,noi ,X48160_WetRate ,0.1089931,0.1286602,0.0854438
1241,SST,noi ,noi ,X48201_WetRate ,-0.07458217,0.1371859,-0.1509732
1242,SST,noi ,noi ,X48131_WetRate ,0.08659414,0.11349,0.015396
1243,SST,noi ,noi ,X48100_WetRate ,0.08084462,0.1153232,-0.02629106
1244,SST,noi ,noi ,X48150_WetRate ,0.09881275,0.1068899,0.07279513
1245,SST,noi ,noi ,X48193_WetRate ,0.1295552,0.1389648,0.1598797
1246,SST,noi ,noi ,X48241_WetRate ,-0.08416028,0.1310975,-0.1793433
1247,SST,wp ,wp ,X48459_MAX ,0.1195358,0.09493342,0.1713087
1248,SST,wp ,wp ,X48459_MIN ,0.1182935,0.07408,0.2346492
1249,SST,wp ,wp ,X48461_MAX ,0.1060185,0.08919647,0.1311484
1250,SST,wp ,wp ,X48461_MIN ,0.1060518,0.09590737,0.1312344
1251,SST,wp ,wp ,X48477_MAX ,0.07455131,0.05708175,0.08392183
1252,SST,wp ,wp ,X48477_MIN ,0.1043751,0.1094539,0.1113054
1253,SST,wp ,wp ,X48478_MAX ,0.120053,0.1407695,0.09746624
1254,SST,wp ,wp ,X48478_MIN ,0.09877131,0.09681237,0.1199459
1255,SST,wp ,wp ,X48459_HMD ,-0.06013239,-0.03735999,-0.05450536
1256,SST,wp ,wp ,X48461_HMD ,0.05496051,0.1059109,-0.0185269
1257,SST,wp ,wp ,X48477_HMD ,-0.06256049,0.03920779,-0.1517793
1258,SST,wp ,wp ,X48478_HMD ,-0.0434278,0.07626424,-0.1556857
1259,SST,wp ,wp ,X48478_SLR ,0.121035,0.02150025,0.1298756
1260,SST,wp ,wp ,X48461_SLR ,0.1198148,0.09566464,0.006117189
1261,SST,wp ,wp ,X478002 ,-0.1027852,-0.06973143,-0.1265651
1262,SST,wp ,wp ,X478201 ,-0.08694994,0.004106388,-0.1272417
1263,SST,wp ,wp ,X459201 ,-0.06212134,-0.01437321,-0.06771601
1264,SST,wp ,wp ,X459203 ,-0.1050059,-0.1223557,-0.09589247
1265,SST,wp ,wp ,X459204 ,-0.09013763,-0.03275044,-0.1119026
1266,SST,wp ,wp ,X48012 ,-0.1350552,-0.04464062,-0.193937
1267,SST,wp ,wp ,X48032 ,-0.09223276,-0.1158674,-0.09565826
1268,SST,wp ,wp ,X48053 ,-0.1552818,-0.1248112,-0.196512
1269,SST,wp ,wp ,X48092 ,-0.1352487,-0.0198218,-0.2066277
1270,SST,wp ,wp ,X48172 ,-0.1000881,-0.000744277,-0.1598057
1271,SST,wp ,wp ,X48062 ,-0.1100648,-0.1242654,-0.1116141
1272,SST,wp ,wp ,X48182 ,-0.1110164,-0.1071385,-0.1153304
1273,SST,wp ,wp ,X48121 ,-0.07501295,-0.04352309,-0.08109291
1274,SST,wp ,wp ,X9042 ,-0.04206692,-0.06356461,-0.01001746
1275,SST,wp ,wp ,X9052 ,0.07848898,0.04500095,0.0879819
1276,SST,wp ,wp ,X9062 ,-0.08568574,-0.03595163,-0.1056976
1277,SST,wp ,wp ,X9102 ,-0.06941288,-0.0850005,-0.0610244
1278,SST,wp ,wp ,X9160 ,-0.05945417,-0.06034804,-0.04090687
1279,SST,wp ,wp ,X48160 ,-0.1048819,-0.08050132,-0.129352
1280,SST,wp ,wp ,X48201 ,-0.1290783,-0.06110862,-0.1903931
1281,SST,wp ,wp ,X48131 ,-0.07566499,-0.06432766,-0.07693179
1282,SST,wp ,wp ,X48100 ,-0.1274843,-0.08015994,-0.1673707
1283,SST,wp ,wp ,X48150 ,-0.126938,-0.1616431,-0.1267544
1284,SST,wp ,wp ,X48193 ,-0.08901053,-0.00109567,-0.1287928
1285,SST,wp ,wp ,X48241 ,-0.1167186,-0.0752669,-0.153759
1286,SST,wp ,wp ,X478002_Wet ,0.03067073,0.01177283,-0.03643055
1287,SST,wp ,wp ,X478201_Wet ,0.09394292,0.1762073,0.0519485
1288,SST,wp ,wp ,X459201_Wet ,-0.07924549,-0.03544365,-0.1250196
1289,SST,wp ,wp ,X459203_Wet ,0.09387574,0.1959663,0.03642302
1290,SST,wp ,wp ,X459204_Wet ,-0.05705316,-0.02307426,-0.0578194
1291,SST,wp ,wp ,X48012_Wet ,-0.08891937,-0.06781043,-0.09746044
1292,SST,wp ,wp ,X48032_Wet ,0.07366681,0.03087024,0.05455869
1293,SST,wp ,wp ,X48053_Wet ,-0.06244028,-0.05653207,-0.04873526
1294,SST,wp ,wp ,X48092_Wet ,-0.1265804,-0.1069614,-0.1487384
1295,SST,wp ,wp ,X48172_Wet ,-0.09674581,-0.09484612,-0.1089603
1296,SST,wp ,wp ,X48062_Wet ,-0.1044256,-0.1424064,-0.09668472
1297,SST,wp ,wp ,X48182_Wet ,-0.02893273,-0.05738787,0.02774834
1298,SST,wp ,wp ,X48121_Wet ,-0.06913513,-0.02954505,-0.08310737
1299,SST,wp ,wp ,X9042_Wet ,-0.0929207,-0.0935576,-0.09212751
1300,SST,wp ,wp ,X9052_Wet ,-0.0861592,-0.09414973,-0.07570339
1301,SST,wp ,wp ,X9062_Wet ,-0.04450186,0.02584348,-0.05670144
1302,SST,wp ,wp ,X9102_Wet ,-0.08813671,-0.03896035,-0.1108878
1303,SST,wp ,wp ,X9160_Wet ,0.05897821,0.01124327,0.03214201
1304,SST,wp ,wp ,X48160_Wet ,-0.08306054,-0.07467435,-0.08297628
1305,SST,wp ,wp ,X48201_Wet ,0.06506018,0.00733993,0.05162768
1306,SST,wp ,wp ,X48131_Wet ,-0.06161135,-0.07086391,-0.03131079
1307,SST,wp ,wp ,X48100_Wet ,-0.06981211,-0.02910887,-0.0867541
1308,SST,wp ,wp ,X48150_Wet ,-0.08416366,-0.06778489,-0.09150603
1309,SST,wp ,wp ,X48193_Wet ,0.09745736,0.1845065,0.05335302
1310,SST,wp ,wp ,X48241_Wet ,0.04292666,-0.03882909,0.0269294
1311,SST,wp ,wp ,X478002_WetRate ,0.03047622,0.01161764,-0.03618636
1312,SST,wp ,wp ,X478201_WetRate ,0.09561064,0.1783194,0.05235455
1313,SST,wp ,wp ,X459201_WetRate ,-0.07962691,-0.03471297,-0.1258049
1314,SST,wp ,wp ,X459203_WetRate ,0.09573221,0.1992251,0.03653966
1315,SST,wp ,wp ,X459204_WetRate ,-0.05763012,-0.02276252,-0.05959163
1316,SST,wp ,wp ,X48012_WetRate ,-0.08979945,-0.06684915,-0.09950067
1317,SST,wp ,wp ,X48032_WetRate ,0.0738016,0.0304868,0.05525224
1318,SST,wp ,wp ,X48053_WetRate ,-0.062885,-0.05576797,-0.05014535
1319,SST,wp ,wp ,X48092_WetRate ,-0.1270897,-0.104895,-0.1506003
1320,SST,wp ,wp ,X48172_WetRate ,-0.09774339,-0.0961646,-0.1095293
1321,SST,wp ,wp ,X48062_WetRate ,-0.1055115,-0.142167,-0.0981091
1322,SST,wp ,wp ,X48182_WetRate ,-0.02903852,-0.0563524,0.02698768
1323,SST,wp ,wp ,X48121_WetRate ,-0.06949287,-0.02942323,-0.08397455
1324,SST,wp ,wp ,X9042_WetRate ,-0.09245226,-0.09211829,-0.0913253
1325,SST,wp ,wp ,X9052_WetRate ,-0.08700275,-0.09469264,-0.07650312
1326,SST,wp ,wp ,X9062_WetRate ,-0.04537864,0.02544854,-0.05905414
1327,SST,wp ,wp ,X9102_WetRate ,-0.0885497,-0.0385338,-0.111924
1328,SST,wp ,wp ,X9160_WetRate ,0.05926544,0.01149883,0.03324995
1329,SST,wp ,wp ,X48160_WetRate ,-0.08325207,-0.07308048,-0.08394452
1330,SST,wp ,wp ,X48201_WetRate ,0.064165,0.004262839,0.05229564
1331,SST,wp ,wp ,X48131_WetRate ,-0.06224193,-0.07332367,-0.03060157
1332,SST,wp ,wp ,X48100_WetRate ,-0.06969468,-0.02595045,-0.0887915
1333,SST,wp ,wp ,X48150_WetRate ,-0.08398251,-0.06556036,-0.0921232
1334,SST,wp ,wp ,X48193_WetRate ,0.09912475,0.186312,0.05380299
1335,SST,wp ,wp ,X48241_WetRate ,0.04247535,-0.04014337,0.02878413
1336,SST,ep ,ep ,X48459_MAX ,-0.4753765,-0.5666092,0.1200951
1337,SST,ep ,ep ,X48459_MIN ,0.4235272,0.3657501,0.09052593
1338,SST,ep ,ep ,X48461_MAX ,-0.4312474,-0.5839133,0.201845
1339,SST,ep ,ep ,X48461_MIN ,0.4016219,0.349051,0.0889253
1340,SST,ep ,ep ,X48477_MAX ,-0.2678688,-0.461778,0.2168451
1341,SST,ep ,ep ,X48477_MIN ,0.4742429,0.4329214,0.0556252
1342,SST,ep ,ep ,X48478_MAX ,-0.3177324,-0.4367543,0.1717433
1343,SST,ep ,ep ,X48478_MIN ,0.493278,0.4530361,0.06846872
1344,SST,ep ,ep ,X48459_HMD ,0.3151449,0.2142217,-0.04416599
1345,SST,ep ,ep ,X48461_HMD ,0.2515174,0.1805045,-0.03192301
1346,SST,ep ,ep ,X48477_HMD ,0.2086081,0.1316999,-0.07232354
1347,SST,ep ,ep ,X48478_HMD ,0.2002375,0.04114701,-0.03780006
1348,SST,ep ,ep ,X48478_SLR ,-0.4515639,-0.4303732,-0.05947266
1349,SST,ep ,ep ,X48461_SLR ,-0.4522762,-0.4415413,-0.05509357
1350,SST,ep ,ep ,X478002 ,0.2586536,0.213826,-0.04193335
1351,SST,ep ,ep ,X478201 ,0.256262,0.209497,-0.03477389
1352,SST,ep ,ep ,X459201 ,0.2595469,0.2207559,-0.0165914
1353,SST,ep ,ep ,X459203 ,0.2432953,0.2029305,-0.02691371
1354,SST,ep ,ep ,X459204 ,0.223351,0.1656819,-0.01261105
1355,SST,ep ,ep ,X48012 ,0.2330173,0.17764,-0.1149459
1356,SST,ep ,ep ,X48032 ,0.262245,0.2340364,-0.07093525
1357,SST,ep ,ep ,X48053 ,0.2475263,0.1865936,-0.06649672
1358,SST,ep ,ep ,X48092 ,0.2438221,0.1993239,-0.0581919
1359,SST,ep ,ep ,X48172 ,0.2627169,0.2113387,-0.04544761
1360,SST,ep ,ep ,X48062 ,0.2588958,0.2069739,-0.03045171
1361,SST,ep ,ep ,X48182 ,0.2371462,0.1753535,-0.03524193
1362,SST,ep ,ep ,X48121 ,0.2503106,0.1649182,-0.0558102
1363,SST,ep ,ep ,X9042 ,0.2456019,0.2376253,0.1071544
1364,SST,ep ,ep ,X9052 ,0.2349014,0.2600524,-0.03291098
1365,SST,ep ,ep ,X9062 ,0.2845702,0.2743139,-0.07876675
1366,SST,ep ,ep ,X9102 ,0.2260706,0.2198791,0.03990707
1367,SST,ep ,ep ,X9160 ,0.2751464,0.2772764,0.01530582
1368,SST,ep ,ep ,X48160 ,0.2790183,0.2294611,-0.0397764
1369,SST,ep ,ep ,X48201 ,0.2651642,0.2174798,-0.04177812
1370,SST,ep ,ep ,X48131 ,0.2526699,0.1954003,-0.06944923
1371,SST,ep ,ep ,X48100 ,0.2446493,0.1834048,-0.08999143
1372,SST,ep ,ep ,X48150 ,0.2582757,0.2173357,-0.1177852
1373,SST,ep ,ep ,X48193 ,0.256589,0.2104717,-0.03612097
1374,SST,ep ,ep ,X48241 ,0.266734,0.2472841,-0.05810696
1375,SST,ep ,ep ,X478002_Wet ,0.3130794,0.2561742,-0.01789248
1376,SST,ep ,ep ,X478201_Wet ,0.3185453,0.2500811,-0.01561867
1377,SST,ep ,ep ,X459201_Wet ,0.3469724,0.2901903,0.00781575
1378,SST,ep ,ep ,X459203_Wet ,0.3104239,0.2439622,-0.05215731
1379,SST,ep ,ep ,X459204_Wet ,0.2972907,0.1970454,-0.05023524
1380,SST,ep ,ep ,X48012_Wet ,0.2843977,0.2413515,-0.001164816
1381,SST,ep ,ep ,X48032_Wet ,0.323544,0.2385503,-0.02618088
1382,SST,ep ,ep ,X48053_Wet ,0.3249859,0.2412097,-0.02298882
1383,SST,ep ,ep ,X48092_Wet ,0.2737479,0.2108857,-0.01458256
1384,SST,ep ,ep ,X48172_Wet ,0.2979913,0.2050974,-0.07015695
1385,SST,ep ,ep ,X48062_Wet ,0.315884,0.2191815,0.02228091
1386,SST,ep ,ep ,X48182_Wet ,0.2732808,0.2078743,-0.09456986
1387,SST,ep ,ep ,X48121_Wet ,0.3014381,0.2193421,-0.1145072
1388,SST,ep ,ep ,X9042_Wet ,0.259562,0.2197336,0.001901392
1389,SST,ep ,ep ,X9052_Wet ,0.2938024,0.2920766,-0.04854742
1390,SST,ep ,ep ,X9062_Wet ,0.3272278,0.3114204,-0.05438001
1391,SST,ep ,ep ,X9102_Wet ,0.2503524,0.1918735,0.04169204
1392,SST,ep ,ep ,X9160_Wet ,0.3228701,0.2746424,-0.02173734
1393,SST,ep ,ep ,X48160_Wet ,0.3024653,0.2365298,0.0326786
1394,SST,ep ,ep ,X48201_Wet ,0.3377805,0.244178,-0.002139085
1395,SST,ep ,ep ,X48131_Wet ,0.3197624,0.2398489,0.0417244
1396,SST,ep ,ep ,X48100_Wet ,0.3173251,0.2439984,0.04761319
1397,SST,ep ,ep ,X48150_Wet ,0.3079583,0.2371469,0.006217881
1398,SST,ep ,ep ,X48193_Wet ,0.3167551,0.2463711,-0.01434283
1399,SST,ep ,ep ,X48241_Wet ,0.3461077,0.2621,-0.08531804
1400,SST,ep ,ep ,X478002_WetRate ,0.315185,0.2605832,-0.02014431
1401,SST,ep ,ep ,X478201_WetRate ,0.3217371,0.2582535,-0.01963931
1402,SST,ep ,ep ,X459201_WetRate ,0.3488389,0.2944969,0.004093748
1403,SST,ep ,ep ,X459203_WetRate ,0.3129846,0.2504453,-0.05538761
1404,SST,ep ,ep ,X459204_WetRate ,0.3000624,0.2051346,-0.05387704
1405,SST,ep ,ep ,X48012_WetRate ,0.2861762,0.2463422,-0.004741465
1406,SST,ep ,ep ,X48032_WetRate ,0.3249757,0.2431486,-0.02973643
1407,SST,ep ,ep ,X48053_WetRate ,0.3279695,0.2490055,-0.02731731
1408,SST,ep ,ep ,X48092_WetRate ,0.2759966,0.2161882,-0.01587046
1409,SST,ep ,ep ,X48172_WetRate ,0.2995326,0.2095993,-0.0712691
1410,SST,ep ,ep ,X48062_WetRate ,0.3183934,0.2261385,0.01790482
1411,SST,ep ,ep ,X48182_WetRate ,0.27536,0.2132942,-0.0964657
1412,SST,ep ,ep ,X48121_WetRate ,0.3030202,0.2238041,-0.1163666
1413,SST,ep ,ep ,X9042_WetRate ,0.2608027,0.223457,8.31E-05
1414,SST,ep ,ep ,X9052_WetRate ,0.2957539,0.2954237,-0.04888493
1415,SST,ep ,ep ,X9062_WetRate ,0.3288953,0.314881,-0.05710458
1416,SST,ep ,ep ,X9102_WetRate ,0.2520785,0.1971357,0.03816959
1417,SST,ep ,ep ,X9160_WetRate ,0.3245936,0.2793865,-0.02473589
1418,SST,ep ,ep ,X48160_WetRate ,0.3045508,0.2421365,0.02940704
1419,SST,ep ,ep ,X48201_WetRate ,0.3400945,0.2496241,-0.006455188
1420,SST,ep ,ep ,X48131_WetRate ,0.3215243,0.2449147,0.03750808
1421,SST,ep ,ep ,X48100_WetRate ,0.3199295,0.2500348,0.04278192
1422,SST,ep ,ep ,X48150_WetRate ,0.3106784,0.2436328,0.002508621
1423,SST,ep ,ep ,X48193_WetRate ,0.3199831,0.2546172,-0.0183173
1424,SST,ep ,ep ,X48241_WetRate ,0.3488775,0.2675936,-0.08931158
1425,SST,pna ,pna ,X48459_MAX ,0.1811802,0.1943126,0.17734
1426,SST,pna ,pna ,X48459_MIN ,0.1743754,0.1974568,0.1247846
1427,SST,pna ,pna ,X48461_MAX ,0.1465943,0.1248617,0.18695
1428,SST,pna ,pna ,X48461_MIN ,0.1665265,0.1972733,0.094152
1429,SST,pna ,pna ,X48477_MAX ,0.099931,0.02284239,0.1540537
1430,SST,pna ,pna ,X48477_MIN ,0.1515688,0.1895341,0.05319826
1431,SST,pna ,pna ,X48478_MAX ,-0.0649882,-0.07232825,-0.05525466
1432,SST,pna ,pna ,X48478_MIN ,0.1635549,0.1997405,0.07710826
1433,SST,pna ,pna ,X48459_HMD ,0.13419,0.04222137,0.08709831
1434,SST,pna ,pna ,X48461_HMD ,0.08779582,0.0606927,-0.008345813
1435,SST,pna ,pna ,X48477_HMD ,0.1449597,0.07101894,0.1347015
1436,SST,pna ,pna ,X48478_HMD ,0.09236154,0.01874598,0.01413331
1437,SST,pna ,pna ,X48478_SLR ,-0.1611119,-0.09971097,-0.04100581
1438,SST,pna ,pna ,X48461_SLR ,0.1833305,0.1839344,0.2118416
1439,SST,pna ,pna ,X478002 ,0.2004126,0.1150688,0.1870656
1440,SST,pna ,pna ,X478201 ,0.1814015,0.09868758,0.1822871
1441,SST,pna ,pna ,X459201 ,0.1097769,0.02470476,0.06624356
1442,SST,pna ,pna ,X459203 ,-0.1271415,-0.09717573,-0.155454
1443,SST,pna ,pna ,X459204 ,0.1388632,0.07424332,0.1120375
1444,SST,pna ,pna ,X48012 ,0.2053017,0.1397635,0.2129109
1445,SST,pna ,pna ,X48032 ,0.1822179,-0.02509575,0.2381076
1446,SST,pna ,pna ,X48053 ,0.1775699,0.09628152,0.1753678
1447,SST,pna ,pna ,X48092 ,0.2068636,0.1322266,0.2237198
1448,SST,pna ,pna ,X48172 ,0.1832497,-0.0428417,0.2303304
1449,SST,pna ,pna ,X48062 ,0.1415515,0.08829813,0.1025204
1450,SST,pna ,pna ,X48182 ,-0.1125954,-0.1349944,-0.1079409
1451,SST,pna ,pna ,X48121 ,0.194235,0.03145602,0.2196827
1452,SST,pna ,pna ,X9042 ,0.09703277,-0.004510749,0.07771679
1453,SST,pna ,pna ,X9052 ,0.1419651,0.03132874,0.1471161
1454,SST,pna ,pna ,X9062 ,0.1286986,0.01200975,0.1309788
1455,SST,pna ,pna ,X9102 ,-0.104971,-0.1391948,-0.09428412
1456,SST,pna ,pna ,X9160 ,0.1359697,0.05956082,0.1196401
1457,SST,pna ,pna ,X48160 ,0.1966339,0.07373346,0.2002634
1458,SST,pna ,pna ,X48201 ,0.1780616,-0.01527563,0.1975825
1459,SST,pna ,pna ,X48131 ,0.1734505,0.03201685,0.2075244
1460,SST,pna ,pna ,X48100 ,0.1991032,0.08860297,0.1971943
1461,SST,pna ,pna ,X48150 ,0.2177899,0.153592,0.2019289
1462,SST,pna ,pna ,X48193 ,0.181873,0.09739225,0.1839917
1463,SST,pna ,pna ,X48241 ,0.1714851,0.009955303,0.1728235
1464,SST,pna ,pna ,X478002_Wet ,-0.09161212,-0.1400216,-0.06392942
1465,SST,pna ,pna ,X478201_Wet ,0.1018039,0.004328767,0.04917156
1466,SST,pna ,pna ,X459201_Wet ,0.1445732,0.01967362,0.1027902
1467,SST,pna ,pna ,X459203_Wet ,0.1158486,0.01620358,0.08078038
1468,SST,pna ,pna ,X459204_Wet ,0.1064706,-0.03076889,0.09448055
1469,SST,pna ,pna ,X48012_Wet ,-0.07296545,-0.1680312,-0.01004547
1470,SST,pna ,pna ,X48032_Wet ,0.1196665,-0.03595295,0.1260184
1471,SST,pna ,pna ,X48053_Wet ,0.1501962,0.01120301,0.187171
1472,SST,pna ,pna ,X48092_Wet ,-0.0843715,-0.1441803,-0.03663046
1473,SST,pna ,pna ,X48172_Wet ,0.1235242,-0.00425345,0.0676778
1474,SST,pna ,pna ,X48062_Wet ,-0.0750545,-0.1307559,-0.02849155
1475,SST,pna ,pna ,X48182_Wet ,0.1140372,-0.02087901,0.1125234
1476,SST,pna ,pna ,X48121_Wet ,0.1394277,0.0696264,0.05863936
1477,SST,pna ,pna ,X9042_Wet ,0.1759729,0.09210146,0.184351
1478,SST,pna ,pna ,X9052_Wet ,0.1636127,0.00855597,0.198026
1479,SST,pna ,pna ,X9062_Wet ,0.1383975,0.07379722,0.1114435
1480,SST,pna ,pna ,X9102_Wet ,-0.1109325,-0.1041659,-0.1248071
1481,SST,pna ,pna ,X9160_Wet ,0.1434395,-0.01060532,0.1756474
1482,SST,pna ,pna ,X48160_Wet ,0.1195277,-0.005045262,0.06980864
1483,SST,pna ,pna ,X48201_Wet ,0.1592333,0.1189553,0.05617392
1484,SST,pna ,pna ,X48131_Wet ,0.125633,0.01824197,0.04711158
1485,SST,pna ,pna ,X48100_Wet ,0.1329875,-0.01353022,0.1081058
1486,SST,pna ,pna ,X48150_Wet ,0.1273392,0.0295744,0.06199203
1487,SST,pna ,pna ,X48193_Wet ,0.09680682,6.43E-05,0.04013148
1488,SST,pna ,pna ,X48241_Wet ,0.1835374,0.1131023,0.1497511
1489,SST,pna ,pna ,X478002_WetRate ,-0.092651,-0.1391865,-0.06573456
1490,SST,pna ,pna ,X478201_WetRate ,0.09985921,0.002717838,0.04687604
1491,SST,pna ,pna ,X459201_WetRate ,0.1447517,0.01936055,0.1047313
1492,SST,pna ,pna ,X459203_WetRate ,0.1148288,0.01756881,0.0781826
1493,SST,pna ,pna ,X459204_WetRate ,0.1051823,-0.03026729,0.0924111
1494,SST,pna ,pna ,X48012_WetRate ,-0.07448854,-0.1678411,-0.0122358
1495,SST,pna ,pna ,X48032_WetRate ,0.1180583,-0.03813527,0.1237418
1496,SST,pna ,pna ,X48053_WetRate ,0.1486979,0.009728763,0.184255
1497,SST,pna ,pna ,X48092_WetRate ,-0.08568644,-0.1450329,-0.03769226
1498,SST,pna ,pna ,X48172_WetRate ,0.1233876,-0.004925306,0.06939755
1499,SST,pna ,pna ,X48062_WetRate ,-0.07609533,-0.1297784,-0.03095744
1500,SST,pna ,pna ,X48182_WetRate ,-0.1186641,-0.1598085,-0.1046455
1501,SST,pna ,pna ,X48121_WetRate ,0.1400975,0.07015909,0.06089792
1502,SST,pna ,pna ,X9042_WetRate ,0.1759276,0.0915609,0.1843883
1503,SST,pna ,pna ,X9052_WetRate ,0.1625272,0.007715663,0.1971877
1504,SST,pna ,pna ,X9062_WetRate ,0.1368518,0.07245692,0.1085818
1505,SST,pna ,pna ,X9102_WetRate ,-0.1118237,-0.1034937,-0.1261762
1506,SST,pna ,pna ,X9160_WetRate ,0.1420933,-0.01152632,0.1736566
1507,SST,pna ,pna ,X48160_WetRate ,0.1192568,-0.004754862,0.07068066
1508,SST,pna ,pna ,X48201_WetRate ,0.1601062,0.1188011,0.05941481
1509,SST,pna ,pna ,X48131_WetRate ,0.1261563,0.01903272,0.04940887
1510,SST,pna ,pna ,X48100_WetRate ,0.1326968,-0.01463302,0.1103601
1511,SST,pna ,pna ,X48150_WetRate ,0.1270815,0.02911412,0.06322465
1512,SST,pna ,pna ,X48193_WetRate ,0.1181839,0.01630092,0.04333088
1513,SST,pna ,pna ,X48241_WetRate ,0.1840881,0.1114481,0.1532732
1514,SST,pdo ,pdo ,X48459_MAX ,0.230739,0.249076,0.2651705
1515,SST,pdo ,pdo ,X48459_MIN ,0.2414485,0.2131584,0.2066816
1516,SST,pdo ,pdo ,X48461_MAX ,0.2388583,0.1936229,0.29336
1517,SST,pdo ,pdo ,X48461_MIN ,0.2501506,0.2010858,0.2492204
1518,SST,pdo ,pdo ,X48477_MAX ,0.162037,0.03939073,0.2579195
1519,SST,pdo ,pdo ,X48477_MIN ,0.1895642,0.1602715,0.1158557
1520,SST,pdo ,pdo ,X48478_MAX ,-0.03225615,0.03474384,-0.1067068
1521,SST,pdo ,pdo ,X48478_MIN ,0.2091731,0.1879841,0.1383735
1522,SST,pdo ,pdo ,X48459_HMD ,0.1705459,0.05358649,0.1294699
1523,SST,pdo ,pdo ,X48461_HMD ,0.08381968,0.05480159,-0.0345471
1524,SST,pdo ,pdo ,X48477_HMD ,0.1812476,0.13348,0.1251199
1525,SST,pdo ,pdo ,X48478_HMD ,0.1536616,0.04612247,0.1140562
1526,SST,pdo ,pdo ,X48478_SLR ,-0.1283512,-0.06489238,-0.1163865
1527,SST,pdo ,pdo ,X48461_SLR ,0.06633994,0.240438,0.1800377
1528,SST,pdo ,pdo ,X478002 ,0.2692167,0.07447586,0.3014392
1529,SST,pdo ,pdo ,X478201 ,0.2672285,0.05129,0.3107992
1530,SST,pdo ,pdo ,X459201 ,0.1702835,-0.03938585,0.1494785
1531,SST,pdo ,pdo ,X459203 ,0.1754665,0.06842607,0.1284875
1532,SST,pdo ,pdo ,X459204 ,0.1984273,-0.01629636,0.2121208
1533,SST,pdo ,pdo ,X48012 ,0.2668188,0.04978493,0.3032466
1534,SST,pdo ,pdo ,X48032 ,0.2588949,-0.02124416,0.3126845
1535,SST,pdo ,pdo ,X48053 ,0.2438037,0.03884126,0.273418
1536,SST,pdo ,pdo ,X48092 ,0.3101826,0.08456211,0.3772016
1537,SST,pdo ,pdo ,X48172 ,0.2782757,0.03870797,0.3389778
1538,SST,pdo ,pdo ,X48062 ,0.2137273,0.01169246,0.22198
1539,SST,pdo ,pdo ,X48182 ,0.2180147,0.07002276,0.2084707
1540,SST,pdo ,pdo ,X48121 ,0.2480033,0.02033673,0.2904572
1541,SST,pdo ,pdo ,X9042 ,0.1060941,0.006616874,0.02904675
1542,SST,pdo ,pdo ,X9052 ,0.1471459,-0.03077541,0.1368097
1543,SST,pdo ,pdo ,X9062 ,0.1197799,-0.08206504,0.08760315
1544,SST,pdo ,pdo ,X9102 ,0.08411453,0.001961429,0.004182051
1545,SST,pdo ,pdo ,X9160 ,0.189411,0.0666101,0.15142
1546,SST,pdo ,pdo ,X48160 ,0.279939,0.1051603,0.3182796
1547,SST,pdo ,pdo ,X48201 ,0.2734011,0.01499712,0.3366093
1548,SST,pdo ,pdo ,X48131 ,0.2184427,-0.03528585,0.2360229
1549,SST,pdo ,pdo ,X48100 ,0.2621363,0.02588396,0.3090489
1550,SST,pdo ,pdo ,X48150 ,0.2610553,0.05704578,0.2952111
1551,SST,pdo ,pdo ,X48193 ,0.2673325,0.05165098,0.3108731
1552,SST,pdo ,pdo ,X48241 ,0.2215775,-0.0263783,0.2439483
1553,SST,pdo ,pdo ,X478002_Wet ,-0.2001594,-0.2354497,-0.1327749
1554,SST,pdo ,pdo ,X478201_Wet ,-0.1552061,-0.1870087,-0.05214672
1555,SST,pdo ,pdo ,X459201_Wet ,0.1048569,-0.1114207,0.008729188
1556,SST,pdo ,pdo ,X459203_Wet ,-0.1571747,-0.1807639,-0.06403004
1557,SST,pdo ,pdo ,X459204_Wet ,0.07743293,-0.1204523,-0.01162471
1558,SST,pdo ,pdo ,X48012_Wet ,-0.1582358,-0.1582826,-0.09344883
1559,SST,pdo ,pdo ,X48032_Wet ,0.1193907,-0.1177787,0.06279758
1560,SST,pdo ,pdo ,X48053_Wet ,0.1140453,-0.1084768,0.05680993
1561,SST,pdo ,pdo ,X48092_Wet ,-0.2296094,-0.2001006,-0.2139174
1562,SST,pdo ,pdo ,X48172_Wet ,-0.1882205,-0.2547811,-0.09706274
1563,SST,pdo ,pdo ,X48062_Wet ,0.1156144,-0.07953493,0.04760681
1564,SST,pdo ,pdo ,X48182_Wet ,-0.1384924,-0.2075766,-0.01361873
1565,SST,pdo ,pdo ,X48121_Wet ,-0.1035771,-0.1624358,0.0622428
1566,SST,pdo ,pdo ,X9042_Wet ,0.2102967,0.04574436,0.1983141
1567,SST,pdo ,pdo ,X9052_Wet ,0.1947825,0.0457509,0.1701304
1568,SST,pdo ,pdo ,X9062_Wet ,0.2019522,-0.02108815,0.2245361
1569,SST,pdo ,pdo ,X9102_Wet ,-0.1226901,-0.09307243,-0.06091767
1570,SST,pdo ,pdo ,X9160_Wet ,0.1042839,-0.07116381,0.0250076
1571,SST,pdo ,pdo ,X48160_Wet ,-0.1636861,-0.1857792,-0.0788108
1572,SST,pdo ,pdo ,X48201_Wet ,0.1236569,-0.06019381,0.04611409
1573,SST,pdo ,pdo ,X48131_Wet ,-0.171541,-0.2091403,-0.08747885
1574,SST,pdo ,pdo ,X48100_Wet ,0.1371417,-0.1028422,0.129552
1575,SST,pdo ,pdo ,X48150_Wet ,-0.1511233,-0.1400659,-0.0770737
1576,SST,pdo ,pdo ,X48193_Wet ,-0.1567799,-0.1887347,-0.05439632
1577,SST,pdo ,pdo ,X48241_Wet ,0.2070242,0.05159321,0.2243282
1578,SST,pdo ,pdo ,X478002_WetRate ,-0.199909,-0.235106,-0.1306581
1579,SST,pdo ,pdo ,X478201_WetRate ,-0.1543576,-0.1855256,-0.04986216
1580,SST,pdo ,pdo ,X459201_WetRate ,0.1042551,-0.1105832,0.01017456
1581,SST,pdo ,pdo ,X459203_WetRate ,-0.1564428,-0.1788378,-0.0626149
1582,SST,pdo ,pdo ,X459204_WetRate ,0.07615154,-0.1210254,-0.0102119
1583,SST,pdo ,pdo ,X48012_WetRate ,-0.1573504,-0.1564049,-0.0921191
1584,SST,pdo ,pdo ,X48032_WetRate ,0.1192178,-0.1164136,0.0643096
1585,SST,pdo ,pdo ,X48053_WetRate ,0.1129545,-0.1084201,0.05746023
1586,SST,pdo ,pdo ,X48092_WetRate ,-0.2296498,-0.2004279,-0.212899
1587,SST,pdo ,pdo ,X48172_WetRate ,-0.187934,-0.2545919,-0.09444246
1588,SST,pdo ,pdo ,X48062_WetRate ,0.1147291,-0.07996722,0.0487183
1589,SST,pdo ,pdo ,X48182_WetRate ,-0.1378967,-0.2066261,-0.01194244
1590,SST,pdo ,pdo ,X48121_WetRate ,-0.1028817,-0.1615201,0.06348083
1591,SST,pdo ,pdo ,X9042_WetRate ,0.2099129,0.04515146,0.1985691
1592,SST,pdo ,pdo ,X9052_WetRate ,0.1946256,0.04630631,0.1705453
1593,SST,pdo ,pdo ,X9062_WetRate ,0.2016087,-0.02069709,0.2247506
1594,SST,pdo ,pdo ,X9102_WetRate ,-0.1221458,-0.09190085,-0.06057082
1595,SST,pdo ,pdo ,X9160_WetRate ,0.103692,-0.07076295,0.02613163
1596,SST,pdo ,pdo ,X48160_WetRate ,-0.162807,-0.1846801,-0.07656702
1597,SST,pdo ,pdo ,X48201_WetRate ,0.1231956,-0.05959489,0.0479081
1598,SST,pdo ,pdo ,X48131_WetRate ,-0.1711419,-0.2086886,-0.08511972
1599,SST,pdo ,pdo ,X48100_WetRate ,0.1363273,-0.1018298,0.130204
1600,SST,pdo ,pdo ,X48150_WetRate ,-0.1501584,-0.1385976,-0.07525512
1601,SST,pdo ,pdo ,X48193_WetRate ,-0.1559126,-0.1871129,-0.05216086
1602,SST,pdo ,pdo ,X48241_WetRate ,0.2070263,0.05207565,0.2249901
